year,doy,date,block,treatment,tussock,moisture,TOC,TN,mbc,mbn,labile,nh4,no3,tfpa,po4,TRS,BG,NAG,PHOS,LAP,PHENOX,root_phos,CO2,soil_percentc,soil_percentn,leaf_percentc,leaf_percentn,rhizome_percentc,rhizome_percentn,root_percentc,root_percentn,soil_d15N,leaf_d15N
2010,161,2010-06-10,1,C.N,I,0.815,1099.706912,117.587032,1861.468314,168.4559785,27.699005,12.46709916,1.864881273,13.36702456,0,,238.2853105,127.7538288,1354.653275,6.453904061,0.352782409,,,,,,,,,,,,
2010,161,2010-06-10,2,C.N,I,0.8393,1410.862923,107.6383508,3850.926146,377.3321577,14.08261622,5.461491696,0,8.621124521,0.811149115,,413.9201008,133.0534986,1118.691242,11.98886077,1.493014421,,,,,,,,,,,,
2010,161,2010-06-10,3,C.N,I,0.75882,582.0269638,43.68168573,2267.559493,206.0706472,10.83611471,2.708116768,0.925604355,7.20239359,0.591272105,,397.3071516,174.8650636,979.6187328,10.5690616,0.905638288,,,,,,,,,,,,
2010,161,2010-06-10,4,C.N,I,0.809,,,,,12.118067,4.060775014,0.371885009,7.685406981,0,,168.6257258,92.68169523,610.5500354,15.12796976,3.956477553,,,,,,,,,,,,
2010,161,2010-06-10,5,C.N,I,0.87302,1202.622415,92.503975,4725.576573,224.0542009,22.14895743,5.786632167,7.991138843,8.371186418,0,,265.5304236,136.1348872,1794.284771,17.86934579,1.069189096,,,,,,,,,,,,
2010,174,2010-06-23,1,C.N,I,0.754,854.7346345,97.4876575,1978.792912,184.2064171,26.7254369,11.51744151,2.021179907,13.18681548,0,,121.4750229,48.11415489,497.0033582,8.078327583,0.490655352,,,,,,,,,,,,
2010,174,2010-06-23,2,C.N,I,0.734,1043.906159,128.553277,1720.213959,167.4744451,30.54316952,16.44784898,2.326977572,11.76834297,1.815083191,,237.1230343,54.15534226,835.0238011,9.737090737,0.551449272,,,,,,,,,,,,
2010,174,2010-06-23,3,C.N,I,0.686,626.8619351,68.5365633,1271.747736,96.81645111,16.9856349,10.97475182,0.710946682,5.299936405,0,,187.1321769,52.53620804,565.101007,8.002403088,0.966335819,,,,,,,,,,,,
2010,174,2010-06-23,4,C.N,I,0.718,584.2282127,49.91036242,1664.563654,106.4745661,18.45802366,8.154530957,0.467776331,9.835716375,0,,229.4509652,90.51175765,529.1644268,4.452232852,0.032695858,,,,,,,,,,,,
2010,174,2010-06-23,5,C.N,I,0.832,959.6791501,73.85252154,1542.296972,84.81216554,29.68940286,12.27602383,3.32198301,14.09139602,0,,241.4563619,61.18351251,802.3780641,4.645773693,0,,,,,,,,,,,,
2010,189,2010-07-08,1,C.N,I,0.6913,557.157025,57.88536894,1573.744229,158.8031066,7.273649279,2.836120955,4.437528325,0,0.047701604,,35.05269274,21.36845834,155.6844822,9.429549291,0.040663837,,,,,,,,,,,,
2010,189,2010-07-08,2,C.N,I,0.561,295.2534914,29.53549789,432.2314389,43.34921514,4.357600192,3.872201308,0.485398884,0,0,,48.41084799,19.66443907,127.5424462,7.496789302,0,,,,,,,,,,,,
2010,189,2010-07-08,3,C.N,I,0.80056,561.888295,47.51561275,1970.033085,230.1694528,8.862386976,7.946579385,0.91580759,0,0,,457.5063307,197.9537196,851.0215799,31.56565457,1.112829497,,,,,,,,,,,,
2010,189,2010-07-08,4,C.N,I,0.5771,308.9712823,30.6553242,1355.212133,110.8008953,4.259454955,3.611611496,0.647843459,0,0,,73.91045826,19.76788278,190.3754228,7.982585008,0.314556992,,,,,,,,,,,,
2010,189,2010-07-08,5,C.N,I,0.57132,287.3836984,24.37427181,478.0892888,29.65016942,4.114989727,2.62373674,1.491252987,0,0,,83.0286419,26.4575626,189.6285669,3.441299452,0.257037416,,,,,,,,,,,,
2010,202,2010-07-21,1,C.N,I,0.82746,764.8278103,66.28155369,6708.019127,393.8170981,9.248018709,1.888343034,2.693516768,4.666158908,0,,178.0872899,247.3346949,1410.97503,12.5995157,0.165227357,,,,,,,,,,,,
2010,202,2010-07-21,2,C.N,I,0.73524,806.658039,52.58152273,2915.710219,228.3502702,7.871980565,1.661315359,0,6.210665206,0,,319.8069347,158.8006848,894.8107216,9.695848017,0.367837659,,,,,,,,,,,,
2010,202,2010-07-21,3,C.N,I,0.72946,357.0702744,25.87950459,1063.021741,106.2078104,7.857338509,1.204312512,1.380258188,5.272767809,0,,336.4617746,74.2893777,755.7072549,11.46001414,2.280957376,,,,,,,,,,,,
2010,202,2010-07-21,4,C.N,I,0.85334,1016.419408,53.09261298,4673.958752,336.140759,16.61997086,2.221564892,4.414210071,9.984195895,0.768910663,,353.0575596,387.6948761,1656.311913,16.97962776,0.625408749,,,,,,,,,,,,
2010,202,2010-07-21,5,C.N,I,0.81244,1030.060495,119.9433435,2546.125703,123.5156263,16.74949438,4.863943163,1.017095246,10.86845597,0,,548.507217,136.6464067,1031.466861,10.89542465,0.240738655,,,,,,,,,,,,
2010,216,2010-08-04,1,C.N,I,0.468,67.23850291,6.638009169,630.2533963,55.01019855,1.852860906,0.510361383,0,1.342499523,0,,43.42504477,44.13526747,132.4565326,5.787386468,0.060622756,,,,,,,,,,,,
2010,216,2010-08-04,2,C.N,I,0.288,80.34496397,7.552986093,161.7308798,13.34553507,0.653046958,0.015253498,0,0.637793461,0,,9.909702375,5.367755453,36.42405486,3.292396403,0.037288508,,,,,,,,,,,,
2010,216,2010-08-04,3,C.N,I,0.805,712.9778652,72.22443234,3487.590394,344.3322695,0.654748412,0,0.041629326,0.613119086,0,,355.8170939,332.0357484,1134.129358,47.63369363,2.998060209,,,,,,,,,,,,
2010,216,2010-08-04,4,C.N,I,0.276,41.46899535,3.604761852,216.4932318,17.40612728,1.23378089,0,0.095304706,1.138476184,0,,42.40671114,19.57232822,71.33802964,3.204307886,0.092783663,,,,,,,,,,,,
2010,216,2010-08-04,5,C.N,I,0.453,127.5736759,9.116449338,759.6418134,44.97295586,3.958684578,1.479170973,0.84961496,1.629898645,0,,36.65201412,20.76530493,197.0827585,5.115549936,0.029968792,,,,,,,,,,,,
2011,152,2011-06-01,1,C.N,I,0.85446,1035.124523,91.77590593,3103.635345,328.578857,20.73798746,12.10588962,1.34264117,7.289456677,0,58.95857239,107.9101934,94.97021304,1244.086684,38.01371606,1.466697468,,2.8689147,43.65101551,1.64328376,,,,,,,-1.01416,
2011,152,2011-06-01,2,C.N,I,0.87638,1108.353296,125.184981,4976.890297,443.2615548,29.58609143,15.68668889,5.776225881,8.123176663,25.3655723,87.3009292,421.6374919,189.8817187,2124.252348,44.83355764,7.372102377,,5.0196975,42.32,1.465,,,,,,,,
2011,152,2011-06-01,3,C.N,I,0.81312,1466.46298,186.2488983,3216.12369,311.3240958,79.6419846,55.53505896,9.605887546,14.50103809,20.413532,88.43755616,373.9191108,201.8501394,1703.924019,41.38316097,5.016626047,,3.8011285,37.58,1.8,,,,,,,,
2011,152,2011-06-01,4,C.N,I,0.8438,902.7057016,92.67667429,3086.323774,286.9847855,26.17803634,12.19754009,7.007680283,6.972815971,5.83611946,60.78081737,445.2531917,204.6918918,1219.989449,32.07022311,1.035504009,,3.5841652,37.9,1.227,,,,,,,,
2011,152,2011-06-01,5,C.N,I,0.8414,1126.544324,143.5856209,2629.16705,217.9477743,72.5062294,18.18994836,47.71116414,6.605116899,35.1066461,69.59241942,272.8164058,117.1291769,1186.811991,34.67013938,1.486229917,,3.1527859,40.59,1.429,,,,,,,,
2011,162,2011-06-11,1,C.N,I,0.85557,1651.812429,163.6258949,5178.981556,471.6003524,51.21406158,18.61465273,22.06127948,10.53812936,51.53400169,144.3557186,667.875958,749.0371366,2890.515104,32.4339409,1.426611585,,11.2552266,44.05695342,1.557205308,,,,,,,-0.674886,
2011,162,2011-06-11,2,C.N,I,0.87651,1004.603428,88.57059363,3303.487786,303.193467,42.3382878,15.15387269,23.95250296,3.231912138,68.80573295,298.0087944,676.8001178,1133.035911,3136.621082,35.92663708,0.195869717,,10.7443358,45.68,1.06,,,,,,,,
2011,162,2011-06-11,3,C.N,I,0.80366,864.5063349,72.99399489,3297.890542,293.4055737,52.11189676,20.35112759,27.89370321,3.867065961,37.80355521,100.5505157,455.4634933,496.8177657,2411.860476,30.18807239,0.124334898,,7.8000323,39.33,1.458,,,,,,,,
2011,162,2011-06-11,4,C.N,I,0.86887,1632.108707,109.6608817,7077.699603,480.2938832,23.18231972,11.75367739,6.371889182,5.056753146,21.91630338,181.890635,543.4117759,873.5860196,2788.940564,32.35049509,0.893253976,,8.9434318,44.8,0.9573,,,,,,,,
2011,162,2011-06-11,5,C.N,I,0.85892,1354.568387,92.59254355,3291.558752,261.5612811,33.4786065,19.0731763,10.66861097,3.736819228,83.69458415,154.9668183,785.6266477,392.5104608,2498.316969,25.84670833,0.3492469,,9.2132558,44.07,1.346,,,,,,,,
2011,173,2011-06-22,1,C.N,I,0.75783,732.9942021,60.83831338,2435.064612,235.0846588,34.23556335,28.55038651,0,5.685176837,56.02995776,60.61119026,301.8092409,330.6061285,1378.232436,35.48843953,0.462638835,,0.4960711,17.8204611,0.596946736,,,,,,,-0.96637,
2011,173,2011-06-22,2,C.N,I,0.81666,697.3077278,41.51733754,2324.378004,203.3183452,12.81691336,10.19055339,0,2.626359974,39.86346977,77.3616302,457.7983216,257.5513506,2451.354017,51.56716387,2.716541038,,0.8882715,40.85,1.161,,,,,,,,
2011,173,2011-06-22,3,C.N,I,0.89248,1616.734315,112.7588686,6954.232947,649.7063845,22.43329294,16.53292048,0,5.900372455,221.8860792,221.7114928,1216.347094,788.5522921,4499.102035,80.07834153,3.527274172,,2.6781698,40.91,1.263,,,,,,,,
2011,173,2011-06-22,4,C.N,I,0.8205,1006.567856,138.006497,2253.45793,292.9864994,55.59565328,46.48916387,0.591778166,8.514711243,38.23534286,70.08368552,320.5848313,160.6583801,1620.490449,99.83414231,5.552897828,,1.1450262,39.41,1.803,,,,,,,,
2011,173,2011-06-22,5,C.N,I,0.82916,785.0978189,48.87373464,2889.093803,296.5802691,11.72681861,8.693996932,0,3.032821682,15.62566018,92.65502507,461.1917918,205.9349459,2543.600841,69.90988923,0.930937596,,0.6861525,40.67,1.186,,,,,,,,
2011,181,2011-06-30,1,C.N,I,0.77516,741.0286712,60.9499301,4125.234681,334.3237529,36.47061842,18.67784613,14.12698374,3.665788545,18.64075098,82.38309024,187.3984611,420.7577914,2466.397361,70.33125291,1.396628551,,3.4257246,43.14749674,1.391384465,,,,,,,-3.90736,
2011,181,2011-06-30,2,C.N,I,0.77899,482.5332464,50.85086533,3501.32489,291.7027437,26.82598137,22.60316844,0,4.222812933,14.53920918,53.83844631,640.8425412,531.2247381,2428.143644,32.32429862,0.048697853,,2.596274,43,1.283,,,,,,,,
2011,181,2011-06-30,3,C.N,I,0.74086,535.790667,56.61143077,3340.195505,309.8786822,18.62205787,11.72665871,0,6.895399166,18.82456752,7.452777406,168.7009753,112.2786133,1156.941476,34.81551589,2.672733663,,2.4500948,35.87,1.799,,,,,,,,
2011,181,2011-06-30,4,C.N,I,0.8177,1128.583936,74.70652896,4102.314627,300.7137154,29.68336924,6.497147788,20.36961685,2.816604605,8.163506644,115.1825342,172.0377935,528.9073304,2376.680341,58.75688498,0.076402721,,5.3611226,43.83,1.28,,,,,,,,
2011,181,2011-06-30,5,C.N,I,0.7677,493.8334112,43.99946081,1563.627118,163.8381613,17.08229415,14.21486998,0,2.867424174,27.46486551,21.18345338,130.0296821,55.06854072,895.4096203,26.71235131,0,,1.0038897,38.29,1.651,,,,,,,,
2011,192,2011-07-11,1,C.N,I,0.69128,465.1928598,54.8398046,3060.897031,323.1790127,14.34242358,7.965197855,2.323505424,4.053720304,8.697640464,37.92317113,115.8111863,145.4891974,1908.095286,11.47615204,0.165433051,,0.7216147,24.34258147,1.146780963,,,,,,,0.556925,
2011,192,2011-07-11,2,C.N,I,0.76535,691.3986868,52.56260492,2793.105758,334.7302954,16.76018382,14.82941051,0,1.930773304,19.34624222,51.96717265,377.6341074,181.8942142,1574.335146,9.428538379,0,,0.6729369,36.03,1.161,,,,,,,,
2011,192,2011-07-11,3,C.N,I,0.69855,642.8497604,47.03183415,3167.0884,332.7271162,6.719522666,3.077467801,0,3.642054865,0,75.03618617,263.3972927,210.4165217,1508.319864,10.98881431,0.379304691,,1.6198794,31.67,1.198,,,,,,,,
2011,192,2011-07-11,4,C.N,I,0.78735,653.5564861,37.929804,5335.870409,310.081735,8.136076127,6.099635507,0,2.03644062,28.10955173,130.1066261,262.5688421,420.1101474,3175.091088,10.33338549,0.008364185,,1.4635862,41.78,0.9818,,,,,,,,
2011,192,2011-07-11,5,C.N,I,0.81995,693.7501237,48.61360008,2236.62867,181.5536117,14.48928505,0.508410115,10.42403938,3.556835553,0,152.6563388,318.788795,184.616116,1706.498038,10.29431559,0.129833179,,2.6924624,40.94,1.138,,,,,,,,
2011,202,2011-07-21,1,C.N,I,0.85369,880.7132989,51.28943079,3436.114376,326.7596544,4.092687497,2.680159863,0,1.412527634,37.70448291,125.059326,111.7005142,398.1628457,2087.527079,18.68175685,0.455908509,,4.3291433,45.61433617,1.077599104,,,,,,,-6.01826,
2011,202,2011-07-21,2,C.N,I,0.76534,470.4605105,40.51216334,2796.504948,328.6600212,11.92814611,9.748293633,0,2.17985248,22.33375688,51.51041746,216.7908391,183.2995623,1201.273937,17.09729903,1.986749216,,2.2895295,34.03,1.048,,,,,,,,
2011,202,2011-07-21,3,C.N,I,0.65244,408.8602182,52.89314236,1192.157676,124.4446677,29.78357488,25.16517739,0,4.618397494,16.84650144,27.58752285,107.6889654,60.15288957,354.2903242,16.32726234,0.377650498,,1.1330654,25.95,1.31,,,,,,,,
2011,202,2011-07-21,4,C.N,I,0.84909,558.6237222,29.48728987,4001.277105,330.9092769,6.998790991,5.380514979,0,1.618276013,40.92515822,81.2605012,578.3750418,275.5310267,1328.431725,36.82240703,1.394158524,,4.3754892,43.55,1.022,,,,,,,,
2011,202,2011-07-21,5,C.N,I,0.8309,600.1560074,44.33467889,2386.784659,244.4962469,8.264934313,6.078907697,0,2.186026616,34.68281074,76.23712351,467.7866482,200.0356204,1109.288441,33.33559022,0.323772069,,2.9348947,40.39,1.347,,,,,,,,
2011,213,2011-08-01,1,C.N,I,0.80465,674.1068977,65.5904176,2220.769489,244.1112269,13.36648885,8.289909312,0,5.07657954,0,45.59213655,423.5527409,221.9840173,2068.146788,71.18777333,4.631790503,,3.5851804,35.06343577,1.573088477,,,,,,,-0.416892,
2011,213,2011-08-01,2,C.N,I,0.79859,643.6630324,61.78198526,1585.146038,134.0508033,13.68891989,7.298593017,0,6.390326877,31.05183181,58.50096776,687.2700392,290.9226752,1708.745617,39.84146573,,,3.3938683,33.61,1.691,,,,,,,,
2011,213,2011-08-01,3,C.N,I,0.75068,649.1579454,62.06135977,993.9002437,112.0358807,21.42888521,16.09675847,0,5.332126735,24.15860423,61.21638154,405.5016721,166.0273208,1510.293138,33.68553934,1.905007535,,1.0909059,29.89,1.528,,,,,,,,
2011,213,2011-08-01,4,C.N,I,0.81999,869.9856911,77.52213137,883.5217577,105.51957,18.02858441,5.440530817,7.555632556,5.032421041,47.53247591,69.7195456,160.7184686,422.630047,2436.688067,63.46869798,2.307245927,,2.9516459,38.7,1.569,,,,,,,,
2011,213,2011-08-01,5,C.N,I,0.75986,524.0214322,47.30634372,1261.64958,104.1695379,17.57332016,12.47033789,0,5.10298227,22.28658521,54.70609413,339.6534209,139.2191588,601.5610777,5.429382303,0,,1.1638298,38.56,1.7,,,,,,,,
2011,224,2011-08-12,1,C.N,I,0.782,487.1362815,54.21651555,2289.687147,301.3263248,27.86874512,23.51854208,0,4.350203046,0,30.05936303,69.10650286,50.02802048,441.7728588,30.56532208,4.401308549,,1.4425933,42.32817697,1.663103761,,,,,,,-0.642288,
2011,224,2011-08-12,2,C.N,I,0.731,298.3298713,21.68822371,3562.784247,230.736353,13.34757636,6.02171984,5.744652116,1.581204402,0,138.1162638,212.7631983,502.1418549,1103.676737,13.38661854,0.018363602,,1.3221474,38.38,0.9488,,,,,,,,
2011,224,2011-08-12,3,C.N,I,0.706,579.4103832,55.08926016,2508.860727,274.7182663,15.17462194,9.228663966,1.386311426,4.55964655,29.33161814,38.89760334,337.0152633,264.1638316,1097.518169,26.83826222,0.217438574,,0.8207174,36.06,1.382,,,,,,,,
2011,224,2011-08-12,4,C.N,I,0.805,604.8743993,50.3504026,2556.824008,212.0117146,7.595002794,3.598871005,0.813384614,3.182747176,40.72539074,51.62591777,142.7453873,100.2772315,926.8160534,53.98427797,0.505156944,,1.4299354,40.26,1.223,,,,,,,,
2011,224,2011-08-12,5,C.N,I,0.755,557.8330251,28.21503757,1404.894281,126.0848737,9.753022205,6.387077526,0,3.365944679,0,30.78891053,220.0841109,71.65529193,688.958956,20.3662675,0,,0.5809613,38.02,2.018,,,,,,,,
2011,237,2011-08-25,1,C.N,I,0.751,497.8543809,40.67766233,901.8621858,71.91810366,9.24498218,5.728008643,0,3.516973537,25.66835907,48.51449173,366.2586171,198.8993244,1733.124737,65.49830603,2.518733254,,0.6772596,40.78354314,1.933379173,,,,,,,1.50015,
2011,237,2011-08-25,2,C.N,I,0.8,645.7899227,67.42636803,1565.356312,177.9920442,13.26671425,8.476844797,0,4.789869455,32.41731628,22.31904976,83.72628044,112.3377792,1557.670225,49.11670894,1.209297372,,1.0254756,35.81,1.428,,,,,,,,
2011,237,2011-08-25,3,C.N,I,0.77,544.25973,52.13738191,1513.152357,134.936914,9.04843796,4.569850086,0,4.478587873,14.95635502,31.44866501,462.7671506,220.5600193,2617.857416,48.0738755,0.536802779,,0.7716495,39.86,1.385,,,,,,,,
2011,237,2011-08-25,4,C.N,I,0.789,437.0377085,35.16797376,3303.123845,238.5810337,9.199249883,7.219855379,0,1.979394504,38.31407365,69.2482793,165.3777301,533.0379523,2629.394917,27.70787912,0.073495904,,1.8071087,42.46,1.147,,,,,,,,
2011,237,2011-08-25,5,C.N,I,0.825,558.4554366,56.45325932,1857.830197,207.7262472,6.864866744,2.685364213,0,4.179502532,25.02106731,11.52198306,324.9063712,133.0300653,1679.621954,58.2672342,1.230386052,,1.1256541,39.31,1.832,,,,,,,,
2011,245,2011-09-02,1,C.N,I,0.839,728.3967161,44.90605058,3747.921445,276.7784291,2.082080944,0,0,2.082080944,12.85467284,160.6228012,371.2489638,308.511239,2799.747108,41.99217484,0.884459285,,2.6578991,28.10896377,0.8120603,,,,,,,-4.87857,
2011,245,2011-09-02,2,C.N,I,0.797435897,1407.225861,80.37140695,7441.377794,468.2681017,9.201509588,2.707628471,2.742037313,3.751843805,21.71153645,151.0359443,1083.032529,1000.410065,2855.099418,29.97055596,0.373456636,,4.0296222,41.39,1.273,,,,,,,,
2011,245,2011-09-02,3,C.N,I,0.802,774.9694625,77.05114093,3939.988978,349.8482768,9.002079775,3.388272344,0.935817514,4.677989918,20.96059217,59.02637659,441.1123192,276.9325835,1752.135797,35.37667905,1.093755258,,1.7989234,40.43,1.775,,,,,,,,
2011,245,2011-09-02,4,C.N,I,0.764,1057.758001,80.95001636,4065.030375,304.8160841,19.23812763,10.26939957,3.899964088,5.068763972,42.9483977,112.9514597,192.1787499,1102.385015,1951.33261,33.90143456,0.277806725,,2.1468176,40.96,1.745,,,,,,,,
2011,245,2011-09-02,5,C.N,I,0.794,796.2463979,51.48180422,3012.234777,222.6094272,4.936739208,1.478272052,0.898234858,2.560232297,16.05896027,106.2132377,454.1941801,565.9633805,2283.624017,20.96608242,0.231857495,,1.8982717,42.41,1.183,,,,,,,,
2012,146,2012-05-25,1,A.N,I,0.831,465.8854665,52.29402998,2819.447135,149.4879608,8.261428638,3.912184751,0,4.349243887,7.939900278,,323.5119127,80.35606844,669.9137248,18.62984275,0.066040228,,0.91338931,39.84,1.986,,,,,,,,
2012,146,2012-05-25,1,A.O,I,0.91121,770.7936427,90.53201892,5854.814941,325.8142999,22.89641961,3.909176886,4.469904185,14.51733854,14.98140267,,157.3843981,437.9784383,2680.534429,28.60061911,0.157991874,,2.342429915,44.48,1.231,,,,,,,,
2012,146,2012-05-25,1,C.N,I,0.857,340.6193202,52.02062952,6151.357659,247.211767,7.812136419,1.907401038,0,5.904735381,12.34543116,,295.1938062,192.8622262,2374.304505,15.90051566,0.10206217,,1.765853039,32.35,1.029,,,,,,,,
2012,146,2012-05-25,1,C.O,I,0.91492,988.7341093,67.07535342,8086.256245,595.4121071,10.35900124,0,4.667746646,5.691254596,15.54334142,,498.975559,515.0386983,3954.445571,37.17024871,0.11506651,,3.145468742,44.56,0.9503,,,,,,,,
2012,146,2012-05-25,2,A.N,I,0.73048,358.0357747,72.77468978,1690.389658,129.4512171,33.59035496,4.089767322,19.56558711,9.935000526,5.789946049,,119.0905293,84.51260021,229.1640206,6.268857842,0,,0.390787589,30.18,1.403,,,,,,,,
2012,146,2012-05-25,2,A.O,I,0.88685,706.6166832,101.2119654,7696.65875,614.4258316,56.88983452,4.003012999,46.02707645,6.85974507,14.84910223,,595.7595892,634.7610027,3387.082965,32.86354936,2.281009943,,2.774851617,42.38,1.364,,,,,,,,
2012,146,2012-05-25,2,C.N,I,0.85681,500.2265433,40.30816179,3612.778115,299.9295976,17.795401,0,14.86186233,2.93353867,8.222300884,,242.961425,78.19508431,2028.423636,2.861002105,0,,1.477326834,23.71,0.5013,,,,,,,,
2012,146,2012-05-25,3,A.N,I,0.89946,1123.641341,84.08740728,9609.682098,478.4415396,34.4270812,1.663322291,27.57765293,5.186105977,16.04066269,,231.5327187,373.3388022,1707.559954,32.56458,0.452573275,,3.169803354,44.24,0.9787,,,,,,,,
2012,146,2012-05-25,3,A.O,I,0.93895,1395.177592,110.010441,5424.836077,350.655898,32.66989622,5.712115636,15.75233059,11.20544999,12.06790066,,386.6206201,382.8219333,1900.25192,32.12993968,0.027032998,,2.528745556,41.94,0.7296,,,,,,,,
2012,146,2012-05-25,3,C.N,I,0.87958,877.2851293,132.2869396,2682.582048,203.8664512,29.47843923,12.95072164,0.96417229,15.5635453,9.684227123,,443.0794146,227.5615055,1483.028899,31.05060745,2.783827398,,1.640211235,37.92,1.495,,,,,,,,
2012,146,2012-05-25,3,C.O,I,0.91412,1309.835441,114.0647692,4678.125021,338.5002273,66.38687078,0,55.21169685,11.17517394,4.490648948,,81.1087692,464.2156899,3665.345335,48.77876333,0,,1.975177257,44.9,1.199,,,,,,,,
2012,146,2012-05-25,4,A.N,I,0.86759,793.4621596,75.04049397,4018.935009,306.8339287,26.66422623,1.794502063,19.25167935,5.618044818,6.801057244,,78.90783707,295.8081633,1827.877551,38.18647413,0.330297259,,1.873050855,39.88,1.236,,,,,,,,
2012,146,2012-05-25,4,A.O,I,0.90958,223.7689901,28.32253885,5381.307387,196.5661341,5.58433742,0.661663397,2.839368493,2.08330553,13.97264922,,107.8948958,110.3126781,1325.497467,9.958631409,0.746927005,,1.175215037,27.5,0.5196,,,,,,,,
2012,146,2012-05-25,4,C.N,I,0.81128,317.3459526,30.00346589,3382.139746,210.4237705,5.907358536,0,4.25656116,1.650797375,5.473415376,,198.8880974,152.4213267,1042.518482,6.811082832,0,,1.280151493,30.54,1.413,,,,,,,,
2012,146,2012-05-25,4,C.O,I,0.94046,613.9175721,40.22245773,9766.125149,493.9089847,2.09612617,0,0,2.09612617,13.99162134,,184.7689315,460.5735997,3271.647102,2.997100479,0.031572037,,3.408690405,46.02,0.6422,,,,,,,,
2012,146,2012-05-25,5,A.N,I,0.89213,639.9571279,90.09842001,3031.920583,205.4723196,16.07468696,2.211956741,3.020206497,10.84252372,9.457867321,,396.2354634,95.40904702,675.5656141,4.207584693,0.004979007,,1.327387946,34.89,0.8139,,,,,,,,
2012,146,2012-05-25,5,A.O,I,0.8412,696.026597,73.4420298,2167.918683,241.9655622,17.01294213,8.192552926,0,8.820389201,0,,212.4456131,64.64012256,749.5704387,29.12771201,4.202321654,,1.60874906,35.84,1.797,,,,,,,,
2012,146,2012-05-25,5,C.N,I,0.79956,543.4674501,48.03857775,2926.234422,209.6734612,5.167247792,0.995943187,0,4.171304604,3.466791551,,179.9159139,104.6444673,1206.89695,5.728258981,0.296413506,,0.795554828,36.49,1.654,,,,,,,,
2012,146,2012-05-25,5,C.O,I,0.93364,496.952715,53.95311391,10058.94856,467.6086552,5.635627058,0,0,5.635627058,0,,620.1777559,541.7625802,4174.141602,50.46505406,0.612458511,,2.574663597,45.15,0.783,,,,,,,,
2012,160,2012-06-08,1,A.N,I,0.85283,808.3003436,137.2629199,3773.797737,446.5032957,31.70068194,7.948883545,5.139761692,18.6120367,5.869371667,,528.8219376,241.1895788,1978.540651,35.57909373,4.295492408,,0.935963685,40.31,1.521,,,,,,,,
2012,160,2012-06-08,1,A.O,I,0.88838,940.3257299,68.58197316,7422.382433,601.1301471,5.247874277,0,0,5.247874277,11.35205526,,1105.762484,537.1532094,2958.184153,27.38104243,2.094246619,,1.684704094,46.4,1.139,,,,,,,,
2012,160,2012-06-08,1,C.N,I,0.85643,778.321105,101.1981356,2506.441941,236.5298183,18.5199783,4.471116626,0,14.04886168,9.122591116,,644.5530953,221.8681847,2287.039956,44.88801619,2.650756665,,0.662178864,40.1,1.367,,,,,,,,
2012,160,2012-06-08,1,C.O,I,0.85389,700.9189101,83.59923649,3573.154911,405.4009767,16.28192531,2.066580962,8.448295046,5.7670493,7.852081563,,182.9787261,251.4343088,2334.175158,29.21743657,6.339867047,,0.558919606,41.36,1.305,,,,,,,,
2012,160,2012-06-08,2,A.N,I,0.79411,914.5348654,129.2833176,2434.967458,309.6970097,21.12046919,3.084595526,3.06276889,14.97310477,6.751576381,,467.868062,166.018896,1640.06527,20.77096581,0.529582965,,0.246652386,34.46,1.714,,,,,,,,
2012,160,2012-06-08,2,A.O,I,0.85293,1084.441502,83.06014638,5475.266257,426.2884961,12.95859378,1.796160321,1.894916336,9.267517125,17.09367173,,716.9797964,723.9348088,2541.992912,21.65355946,0.842526254,,2.041153153,33.83,0.7827,,,,,,,,
2012,160,2012-06-08,2,C.N,I,0.91415,1851.537538,299.2076864,5180.996304,469.1193046,58.16215259,23.09687373,7.497470759,27.5678081,13.02489579,,1282.068105,1305.928125,4036.71977,23.06992315,0.500452946,,3.777458552,35.39,1.447,,,,,,,,
2012,160,2012-06-08,2,C.O,I,0.88318,689.2360661,79.21775988,5729.594695,291.5695016,35.26693952,4.870617377,25.00694026,5.389381891,9.096186149,,504.8558996,354.3095082,1514.38318,17.18651024,1.027254603,,0.507484143,43.64,0.8168,,,,,,,,
2012,160,2012-06-08,3,A.N,I,0.9281,1642.227783,162.887501,7055.349319,715.5730358,25.66150657,8.505589796,2.243310475,14.9126063,30.28334652,,925.6093183,675.6109918,2121.570958,37.123673,0.467450696,,0,40.93,0.9507,,,,,,,,
2012,160,2012-06-08,3,A.O,I,0.83652,885.7215623,116.8397281,3087.327147,231.5358232,31.83270375,3.222665318,12.62802564,15.9820128,8.916837639,,170.7247209,113.7877927,973.5571192,23.42034876,1.614937379,,0.343281002,34.57,1.226,,,,,,,,
2012,160,2012-06-08,3,C.N,I,0.89797,949.2739073,95.26233976,6007.039533,460.2852104,17.56422674,3.354401183,2.752424879,11.45740068,15.4146131,,809.4680153,597.2483613,2477.118876,16.17256207,0.080816079,,1.626849923,45.94,1.341,,,,,,,,
2012,160,2012-06-08,3,C.O,I,0.88001,1048.1849,149.5502018,3352.937776,343.6616272,26.84045841,8.214935916,4.333303682,14.29221881,8.851103445,,219.3868184,209.1033073,2010.782992,29.54894453,2.042205493,,2.114144807,41.03,1.346,,,,,,,,
2012,160,2012-06-08,4,A.N,I,0.83828,623.0814215,116.1942056,2891.415251,316.1522029,23.2281609,11.17275421,0.982254304,11.07315238,6.049098631,,797.6095976,263.7263389,1590.142421,22.51332451,1.952882491,,1.362839919,41.69,1.759,,,,,,,,
2012,160,2012-06-08,4,A.O,I,0.80571,427.1001546,70.87635482,1956.190958,229.9149734,20.08565909,9.247917533,2.032580022,8.805161539,4.042823477,,922.5871114,665.8021396,2228.218589,14.44768738,1.805331646,,1.260941474,32.09,1.288,,,,,,,,
2012,160,2012-06-08,4,C.N,I,0.87406,962.0598761,113.5754201,3813.854394,285.9944677,20.70752269,4.210178853,4.124400243,12.37294359,14.30070516,,331.1292418,679.1806185,3702.858699,29.69267591,0.44002847,,1.798356348,42.17,0.866,,,,,,,,
2012,160,2012-06-08,4,C.O,I,0.89351,800.8288605,87.60046113,5762.767394,600.1934469,16.55031945,3.568313626,3.764505707,9.217500112,14.37520948,,308.8222052,493.9576807,2468.928869,36.62570249,1.778587614,,2.765978744,43.72,1.328,,,,,,,,
2012,160,2012-06-08,5,A.N,I,0.92285,1345.571298,126.6688878,9431.021697,878.1854071,10.8833947,0.989971336,0,9.893423367,21.08188278,,846.5604229,545.3269682,4421.978918,21.61683113,0,,2.407804926,,,,,,,,,,
2012,160,2012-06-08,5,A.O,I,0.80406,513.5998434,56.78773158,2515.372618,245.6293577,8.739969618,2.864823492,1.410423683,4.464722443,6.46127897,,413.0324502,177.7820995,1441.742569,14.6037861,0.405735834,,1.799720528,36.1,1.392,,,,,,,,
2012,160,2012-06-08,5,C.N,I,0.88277,1136.533702,125.9641183,3076.025317,348.5465898,19.93143763,1.617748214,3.413389641,14.90029978,10.94593354,,576.4848601,241.1975113,3221.792633,35.66534341,8.485182986,,1.893054254,37.78,1.097,,,,,,,,
2012,160,2012-06-08,5,C.O,I,0.90823,938.9503794,55.22829174,5367.545682,420.0369448,5.488032713,0.830203343,0,4.65782937,12.12114232,,129.4892492,835.0661354,4537.235981,14.13570709,0,,2.603435143,46.12,1.071,,,,,,,,
2012,171,2012-06-19,1,A.N,I,0.86044,1483.041346,146.4427065,3483.35866,503.5894994,9.742338875,0,0,9.742338875,24.00388826,,213.0621022,223.8275464,2667.401483,125.4997483,1.273302963,,2.554896346,43.74,1.151,,,,,,,,
2012,171,2012-06-19,1,C.N,I,0.70028,363.4804401,51.73685901,1859.146134,261.6991585,7.326374895,1.327280005,0,5.99909489,8.380354897,,124.3517534,64.64447582,1197.291531,40.07690083,0.22231056,,0.5591187,21.08,1.073,,,,,,,,
2012,171,2012-06-19,2,A.N,I,0.89119,1642.741533,256.5339564,2545.915826,343.8282088,70.05775788,34.86990661,0,35.18785127,35.55720947,,161.770156,791.536938,3355.264654,117.4044481,3.883907073,,2.530869969,40.87,1.572,,,,,,,,
2012,171,2012-06-19,2,C.N,I,0.85262,601.2810119,44.41431384,4720.767397,523.3473407,145.6953934,141.4825223,0,4.212871074,31.33755762,,352.5363667,821.7070599,3227.236799,93.52733512,0.183333054,,1.573424114,45.44,1.387,,,,,,,,
2012,171,2012-06-19,3,A.N,I,0.85817,654.7766152,62.25046337,3255.360916,337.4064841,18.668495,12.02432666,2.836614334,3.807554005,22.50493889,,87.29110512,617.4543216,2984.778622,50.5400467,0,,2.028606608,44.49,1.1,,,,,,,,
2012,171,2012-06-19,3,C.N,I,0.87244,1034.961864,68.287202,3563.296021,350.0115998,10.18665825,5.140509277,1.264650426,3.781498552,54.39725326,,642.0627313,765.3183516,3071.680095,28.83466541,0,,2.060268767,44.48,0.8477,,,,,,,,
2012,171,2012-06-19,4,A.N,I,0.8443,711.6266763,108.5420435,3546.292484,453.3948092,30.79309449,18.11228724,0,12.68080725,23.94120543,,492.3707934,219.1544409,1514.741212,118.2461431,2.402220983,,1.483471136,41.48,1.823,,,,,,,,
2012,171,2012-06-19,4,C.N,I,0.71547,431.7733615,44.64420515,3870.202998,381.0074965,6.601332117,1.522024085,0,5.079308032,12.22054289,,494.4887579,629.6878551,3226.681149,25.08993378,0.00285853,,1.123423223,31.16,0.9072,,,,,,,,
2012,171,2012-06-19,5,A.N,I,0.80424,802.6103185,54.85455608,4901.426486,506.9842828,4.771672192,0,0,4.771672192,41.20315953,,596.5149796,969.9155488,2234.697219,28.48597166,0.055396918,,1.139417251,32.8,0.781,,,,,,,,
2012,171,2012-06-19,5,C.N,I,0.8113,821.3171401,92.56583275,3299.455804,415.768495,9.805298978,2.517672841,0,7.287626137,31.72944147,,364.8506943,217.4309883,1845.3794,27.46330805,0.204475225,,0.826261457,43.82,2.165,,,,,,,,
2012,181,2012-06-29,1,A.N,I,0.79431,469.0331164,36.87577536,8707.112102,331.3917989,2.509769429,0,0,2.509769429,0,,826.134443,567.0474864,3036.931904,41.33631322,0.052603325,,2.221501211,44.88,1.02,,,,,,,,
2012,181,2012-06-29,1,C.N,I,0.864,908.8594452,91.25186574,5223.458937,559.5365575,11.76163744,1.891436548,0,9.870200888,0,,591.0894368,268.6833683,1034.371581,39.67619651,1.579391096,,1.726600227,41.49,1.068,,,,,,,,
2012,181,2012-06-29,2,A.N,I,0.76315,529.4334809,68.21468389,1728.657175,181.2850127,10.48636163,0.63073064,0,9.855630993,0,,575.2432659,329.0815281,966.701318,19.73008078,0,,0.883113744,39.12,1.315,,,,,,,,
2012,181,2012-06-29,2,C.N,I,0.85195,751.4006118,102.3652313,4348.124691,534.1388179,20.92567502,3.389024381,0,17.53665064,1.578364972,,834.0001909,649.8252432,2678.646242,67.38182709,3.444529822,,2.119446113,41.57,1.644,,,,,,,,
2012,181,2012-06-29,3,A.N,I,0.79517,491.1221702,72.67598133,3347.010444,355.9792528,11.01224978,1.410349233,0,9.601900547,0,,238.9715139,421.6618765,1627.372819,47.75430434,3.618456684,,1.900939182,40.06,1.575,,,,,,,,
2012,181,2012-06-29,3,C.N,I,0.71514,657.8769853,44.67022762,859.4567782,159.0831415,7.50637394,0,0,7.50637394,2.403432323,,215.6461368,84.0936432,656.8726147,22.92102527,1.209971579,,0.667259003,25.84,1.494,,,,,,,,
2012,181,2012-06-29,4,A.N,I,0.73807,573.0381049,55.94263994,2775.144211,145.4899324,11.05477274,3.450815443,0,7.603957292,0,,216.1753588,144.8793449,835.3008765,27.86183825,2.22043352,,1.116866445,27.98,1.361,,,,,,,,
2012,181,2012-06-29,4,C.N,I,0.84911,776.9175307,66.18805467,3161.193805,438.2613666,12.19746875,0,0,12.19746875,0,,160.8981282,234.2262507,2360.20595,49.98201876,4.342824449,,2.526945385,42.75,0.9385,,,,,,,,
2012,181,2012-06-29,5,A.N,I,0.88135,544.3030216,53.8936638,2808.009162,306.1343771,3.382395082,0,0,3.382395082,0,,544.4943302,743.8924955,2341.606394,51.79547669,0,,1.8821894,43.69,1.124,,,,,,,,
2012,181,2012-06-29,5,C.N,I,0.79219,781.6928125,62.39465836,5402.298982,268.0109886,4.291871582,0,0,4.291871582,0,,785.3309733,603.6462891,2742.971051,35.4575928,0.50220443,,2.729727593,43.09,1.794,,,,,,,,
2012,193,2012-07-11,1,A.N,I,0.74377,719.6902058,70.02578513,4553.47997,415.5412277,7.110857093,1.397821077,0,5.713036016,0,,210.140688,0,,6.617600726,0.831904879,,2.085935324,38.98,1.164,,,,,,,,
2012,193,2012-07-11,1,A.O,I,0.74012,630.6628539,98.83289359,1175.271265,126.0265983,16.21107138,3.443282397,0.209899621,12.55788936,0,,60.29780818,0,,3.148146095,0,,0.556609719,28.86,1.814,,,,,,,,
2012,193,2012-07-11,1,C.N,I,0.81733,655.5736877,63.36829506,2639.19832,344.6927997,3.018948218,0,0,3.018948218,0,,113.061528,0,,71.98399427,14.45010946,,1.287139287,40.9,1.359,,,,,,,,
2012,193,2012-07-11,1,C.O,I,0.79261,877.560506,114.6442516,2442.870837,310.3309779,23.12735086,3.794397294,0,19.33295357,0,,100.5862923,0,,8.587626151,21.43283868,,0.894266188,34.68,1.361,,,,,,,,
2012,193,2012-07-11,2,A.N,I,0.81065,670.3786569,63.19348825,4451.566798,515.9536699,7.483616266,2.118593278,0,5.365022988,0,,290.267952,226.5636202,,13.38775398,2.319168184,,1.414348602,44.62,1.351,,,,,,,,
2012,193,2012-07-11,2,A.O,I,0.78223,1120.433209,91.35201924,2297.232189,255.6652085,11.18041763,2.187890207,0.252325331,8.740202089,0,,91.27054606,26.87693222,,7.385271797,2.812394414,,0.613517776,38.75,2.04,,,,,,,,
2012,193,2012-07-11,2,C.N,I,0.76566,1039.811089,91.52427538,3878.690735,360.9270064,14.14515594,3.671164917,1.636681537,8.837309485,0,,132.7605111,581.0519252,,9.955882771,2.353956877,,1.626415347,35.82,1.596,,,,,,,,
2012,193,2012-07-11,2,C.O,I,0.79525,629.4596838,98.96196542,2397.59606,288.2487123,14.56559782,4.601480799,0,9.964117016,0,,208.9190988,52.30400444,,3.618430916,12.7027559,,0.704240746,38.53,1.962,,,,,,,,
2012,193,2012-07-11,3,A.N,I,0.79497,582.0370115,39.54263428,3030.073231,225.3611162,4.690243001,1.384786911,0,3.30545609,0,,71.45733566,0,,36.96946219,1.730451741,,1.280809072,42.92,0.7992,,,,,,,,
2012,193,2012-07-11,3,A.O,I,0.89975,1095.507593,89.18164843,6231.08133,873.6525974,16.48366724,4.849282002,0,11.63438523,0,,267.5283288,969.0034112,,19.04681423,5.277966748,,1.65163245,34.3,1.295,,,,,,,,
2012,193,2012-07-11,3,C.N,I,0.77969,544.7354229,64.50936593,2643.234893,288.3341641,9.521693782,1.635892852,0,7.88580093,0,,49.70145767,92.83460632,,8.351842882,1.97061685,,0.983195143,36.01,1.685,,,,,,,,
2012,193,2012-07-11,3,C.O,I,0.78164,739.2373613,121.5251074,2500.43152,305.2705407,17.99802509,5.365940366,0,12.63208473,0.517628996,,18.18727494,0,,33.54065509,24.31233671,,0.692556389,35.8,1.839,,,,,,,,
2012,193,2012-07-11,4,A.N,I,0.79738,791.7188774,113.6257448,2842.596912,254.2645892,14.70970657,3.122281284,1.903316608,9.684108681,0,,306.7472192,160.8948464,,9.357100183,2.697792028,,1.554640423,41.16,1.369,,,,,,,,
2012,193,2012-07-11,4,A.O,I,0.82913,,,,,6.207938416,0,0,6.207938416,0,,476.175705,57.62290125,,21.75296933,0.826397767,,2.216223151,39.55,1.147,,,,,,,,
2012,193,2012-07-11,4,C.N,I,0.80978,496.3473096,77.25238001,2747.782427,306.3571225,12.29218485,1.496417159,0,10.79576769,0,,124.5836361,0,,10.64962377,4.056826294,,1.083472361,34.99,1.472,,,,,,,,
2012,193,2012-07-11,4,C.O,I,0.79473,557.4541392,60.79969219,2161.674493,236.8586478,9.198007354,2.326140463,0,6.871866891,0,,143.2653285,36.95962247,,13.38478214,9.303679026,,0.683771779,36.91,1.695,,,,,,,,
2012,193,2012-07-11,5,A.N,I,0.7122,753.8401164,75.83819586,2866.701075,380.6404356,11.39602836,3.359330217,0,8.036698142,0.173160421,,108.5689123,54.08795079,,15.89031563,3.095094078,,1.377925537,30.1,1.251,,,,,,,,
2012,193,2012-07-11,5,A.O,I,0.83748,1163.953453,108.8808244,2461.934805,313.5268701,10.35189119,3.199669136,0,7.152222051,0,,321.7354897,112.7303412,,15.78646023,9.138545156,,1.711503045,40.01,1.548,,,,,,,,
2012,193,2012-07-11,5,C.N,I,0.81335,701.6479717,68.79356344,3031.392208,373.7217534,8.302005467,3.190676673,0,5.111328794,0,,56.98131332,0,,11.44892427,3.740994042,,1.328720638,37.66,1.026,,,,,,,,
2012,193,2012-07-11,5,C.O,I,0.72599,654.1735301,51.68820509,1022.392965,114.7192416,14.13523248,4.374601676,0,9.760630808,0,,0,0,,0.161547857,4.631438516,,0.418971861,27.82,1.198,,,,,,,,
2012,208,2012-07-26,1,A.N,I,0.83541,788.9536837,62.39937149,3093.516814,304.2347313,10.98710457,5.159606867,0,5.827497705,0,,374.9799549,149.5209177,2276.952948,35.83786108,4.377765118,,1.633763679,39.11,1.733,,,,,,,,
2012,208,2012-07-26,1,C.N,I,0.82484,929.1554834,82.14153879,2562.121707,348.702297,14.24394045,1.912693959,0,12.33124649,0,,514.324153,299.3368272,2795.793284,31.09182844,2.854952201,,1.415875638,38.25,1.459,,,,,,,,
2012,208,2012-07-26,2,A.N,I,0.81139,651.8489496,64.17972788,1862.992578,142.8585175,12.66127076,1.807858278,0,10.85341248,1.044171555,,258.6050314,191.6834122,939.0314404,26.01854798,2.851909114,,1.581633431,38.14,1.547,,,,,,,,
2012,208,2012-07-26,2,C.N,I,0.82765,497.2192023,32.80289449,3453.312411,431.7277494,2.393835526,0,0,2.393835526,0,,0,0,0,15.0075085,0.293594106,,1.267118049,44.15,0.7278,,,,,,,,
2012,208,2012-07-26,3,A.N,I,0.8739,828.4562922,63.6926038,5420.269229,570.9203329,8.868598267,1.281364635,0,7.587233632,0,,477.0253641,683.0150962,4155.603699,38.67174762,2.392169858,,1.739625975,42.55,1.143,,,,,,,,
2012,208,2012-07-26,3,C.N,I,0.85568,750.1668061,77.96537507,2126.262387,254.3439719,10.07516918,1.116123075,0,8.959046101,0,,603.8128536,409.9871599,3684.276382,40.76502586,1.356141566,,2.185553813,41.93,1.598,,,,,,,,
2012,208,2012-07-26,4,A.N,I,0.83336,566.128367,89.81964101,3073.648222,375.8686714,23.38079025,3.589152946,0,19.79163731,0,,225.5511585,82.08678673,827.0222747,15.00510655,1.780343127,,1.523663464,37.9,1.778,,,,,,,,
2012,208,2012-07-26,4,C.N,I,0.8459,648.4549433,51.36012763,3226.146164,282.6394566,9.992074666,1.897349448,0,8.094725218,0,,281.4883451,371.6983764,2770.007225,13.33648983,1.788199697,,0.992854126,41.73,1.324,,,,,,,,
2012,208,2012-07-26,5,A.N,I,0.83049,656.3726599,41.43232166,2079.312618,228.9984124,9.300106624,2.752506135,0,6.547600489,0,,556.8421532,941.4094753,2821.523289,27.9710106,1.252725636,,1.338690888,40.31,1.095,,,,,,,,
2012,208,2012-07-26,5,C.N,I,0.76768,635.2318087,50.23025984,1863.082258,176.6929616,9.71025589,1.241689876,0,8.468566015,0,,367.7053554,926.6157108,1202.647684,22.84397853,2.065479186,,1.576461325,36.92,1.715,,,,,,,,
2012,225,2012-08-12,1,A.N,I,0.71992,482.2452564,52.76896503,1549.855943,136.339571,8.17086381,0.800047233,0,7.370816578,0.587602762,,2060.077945,611.678847,2084.772671,29.38097485,5.627651998,,0.779059737,25.51,1.184,,,,,,,,
2012,225,2012-08-12,1,A.O,I,0.72778,829.7731176,102.1556299,1279.277234,127.4336025,21.65441304,2.833457979,0,18.82095506,0,,319.8550989,133.8981061,1361.313701,20.69769443,0.125337463,,0.388104206,33.7,2.212,,,,,,,,
2012,225,2012-08-12,1,C.N,I,0.74846,586.84651,66.30335394,1357.972652,135.691586,9.32060236,3.413202696,0,5.907399665,0,,155.562836,67.55124394,742.5504426,18.82490373,0.090581724,,0.6028029,37.98,1.837,,,,,,,,
2012,225,2012-08-12,1,C.O,I,0.77169,759.5189608,99.62904188,1744.279815,195.2218924,21.87902782,7.675161733,0,14.20386609,0,,262.3082446,321.8883207,3654.768846,52.77255391,2.846091305,,1.406382143,37.72,1.943,,,,,,,,
2012,225,2012-08-12,2,A.N,I,0.81357,805.6964112,89.03152599,1991.946596,284.2726061,10.95999982,1.679722637,1.797406554,7.482870625,1.405379032,,614.7095464,197.2120543,1743.21799,50.85976896,0.717536173,,0.876197027,40.54,1.977,,,,,,,,
2012,225,2012-08-12,2,A.O,I,0.78605,612.986701,67.88594763,2132.717435,225.8147011,12.11587207,1.854025532,0,10.26184654,0,,381.6594823,157.4663567,1089.480589,17.81712206,0,,0.506361754,40.43,2.171,,,,,,,,
2012,225,2012-08-12,2,C.N,I,0.71574,517.1418976,63.6444401,1506.829192,195.8572526,11.19698937,1.821571511,0,9.375417856,20.06079756,,43.82957105,81.70537893,537.9031135,22.67675557,0.025687295,,1.676751089,27.84,1.149,,,,,,,,
2012,225,2012-08-12,2,C.O,I,0.70442,535.762404,61.54051868,1663.424542,208.3280586,12.46652567,1.039553674,0,11.426972,0,,228.4182319,182.1726799,1481.483948,35.17420373,2.637134925,,0.805132383,33.9,1.811,,,,,,,,
2012,225,2012-08-12,3,A.N,I,0.85547,976.1301981,87.24494951,3122.211307,335.1841339,8.77329545,0,0,8.77329545,15.21076871,,1073.430776,1096.04016,3965.608053,25.4230974,0,,1.605655951,39.4,1.446,,,,,,,,
2012,225,2012-08-12,3,A.O,I,0.75963,629.6008587,67.68989246,1438.013759,152.8598621,15.09916262,0,0,15.09916262,0,,651.0850828,1329.955961,1492.08881,16.67353182,0.17740535,,1.276462065,31.28,1.247,,,,,,,,
2012,225,2012-08-12,3,C.N,I,0.74475,546.3693935,75.32250766,1190.324613,115.8302136,15.21916694,4.022685045,0,11.19648189,0,,217.6340777,122.2243559,621.6692188,11.10930908,0,,0.291263899,36.09,1.796,,,,,,,,
2012,225,2012-08-12,3,C.O,I,0.77979,731.7764929,108.3599264,1146.891158,126.7085425,21.08262486,2.956110349,0,18.12651451,0,,369.0185727,159.5345302,1374.682256,50.5735573,8.120637138,,0.687261693,34,1.919,,,,,,,,
2012,225,2012-08-12,4,A.N,I,0.73167,339.3456271,46.49503505,1296.270747,177.5430427,6.146671256,0,0,6.146671256,1.197742988,,261.5234706,126.3281215,670.3609552,13.90911762,0.016411965,,1.14580425,24.57,1.322,,,,,,,,
2012,225,2012-08-12,4,C.N,I,0.77838,643.1001271,48.09642953,5569.350151,377.7836087,5.983986226,1.78748731,0,4.196498916,0,,229.7705083,300.7868129,2158.145261,20.43770484,0.093341374,,2.690042127,43.7,1.748,,,,,,,,
2012,225,2012-08-12,4,C.O,I,0.77089,450.3839353,46.97919956,985.967285,116.7891256,8.922851613,0.986748606,0,7.936103008,0,,349.4412919,171.1428184,1444.811019,25.4525339,0.421500529,,0.695904917,35.01,1.666,,,,,,,,
2012,225,2012-08-12,5,A.N,I,0.82155,691.5255353,58.8089852,2232.888874,208.027353,5.123349445,0,0,5.123349445,0,,250.5259455,725.1372353,3052.323841,39.66953683,0.064163286,,1.426416559,38.74,1.574,,,,,,,,
2012,225,2012-08-12,5,A.O,I,0.76059,590.4888544,57.60681947,1905.046924,210.7217594,11.91881788,1.826308587,0,10.09250929,0,,463.2055706,263.4387382,1684.329027,26.50523845,1.666539887,,0.841043646,31.64,1.468,,,,,,,,
2012,225,2012-08-12,5,C.N,I,0.74895,526.1145761,59.81632692,1341.390648,184.6197203,13.44968813,3.420156103,0,10.02953203,0,,404.0258112,204.6312463,1429.514633,20.76450506,0.246330801,,0.824164522,28.81,1.233,,,,,,,,
2012,225,2012-08-12,5,C.O,I,0.8038,633.9227602,65.30766726,1604.690398,191.1420311,10.47410309,3.548928935,0,6.925174158,0,,675.9788121,200.6007079,1618.280724,24.40017829,0,,1.060828306,35.56,1.514,,,,,,,,
2010,147,2010-05-27,1,C.N,T,0.834,1376.507629,51.65864574,3217.739208,104.5877505,12.04965861,2.254197924,4.645682264,5.149778422,17.96699688,,,,,,,,,,,,,,,,,,
2010,147,2010-05-27,2,C.N,T,0.847058824,994.2280165,59.7886423,4549.476631,183.3976493,12.95837644,1.912852457,7.430834611,3.614689369,0.756546632,,,,,,,,,,,,,,,,,,
2010,147,2010-05-27,3,C.N,T,0.844,1398.365499,70.27182507,3230.100662,150.0577694,15.86393944,2.529535853,6.894857044,6.439546547,24.58994703,,946.9240316,311.7503952,795.1770355,0,0.384348217,,,,,,,,,,,,
2010,147,2010-05-27,4,C.N,T,0.85,848.695825,48.4629687,3659.827362,117.8548576,10.94627811,1.950359368,5.750050592,3.24586815,19.52954885,,698.7688355,184.9226801,583.0815608,0,0.790993506,,,,,,,,,,,,
2010,147,2010-05-27,5,C.N,T,0.808,925.9025845,74.55479806,2120.561941,127.90484,17.23807227,4.712896001,3.223833512,9.301342752,3.325162062,,705.0135916,205.6192725,748.0447742,1.697489466,0.582311926,,,,,,,,,,,,
2010,161,2010-06-10,1,C.N,T,0.75094,701.6729269,23.59603014,1563.79944,138.1060914,4.405667599,3.032190195,0,1.373477403,0.441390658,,317.6108039,239.3167589,807.7131759,7.448201263,0.034125822,3899.794493,,,,,,,,,,,
2010,161,2010-06-10,2,C.N,T,0.77518,330.6800971,10.5790682,1925.943011,113.3856259,0.743548352,0,0,0.743548352,4.557867313,,863.1000231,235.447804,740.2917001,5.987477502,0,15545.75951,,,,,,,,,,,
2010,161,2010-06-10,3,C.N,T,0.80222,1231.195037,74.49056593,2954.348166,269.2486019,18.43884197,3.92156956,0.3591366,14.15813581,9.888774527,,708.6776958,337.4754224,1390.04285,3.899643051,0.011255068,4591.479602,,,,,,,,,,,
2010,161,2010-06-10,4,C.N,T,0.69554,285.5787931,9.716660283,992.7396435,75.96580478,1.658140908,0.80446972,0,0.853671189,8.556536244,,612.4245548,103.879608,520.7099525,0,0.215353824,4558.677228,,,,,,,,,,,
2010,161,2010-06-10,5,C.N,T,0.81968,950.3595802,56.12273946,3228.58821,194.9804522,9.826148696,1.471492837,4.107929301,4.246726559,2.013793184,,434.2927798,137.2672206,795.4001754,0,0.047134967,11243.27184,,,,,,,,,,,
2010,174,2010-06-23,1,C.N,T,0.81,595.3505292,27.53340082,1687.236125,116.7415994,11.22052382,2.531581576,2.937332346,5.751609896,1.051452326,,1176.473356,495.6580441,1318.760694,7.268122602,0,,,,,,,,,,,,
2010,174,2010-06-23,2,C.N,T,0.836,621.5120667,38.69334182,4241.637452,324.5299566,16.23358718,3.294523968,6.558522554,6.380540653,5.20675516,,1059.16064,333.0647131,1455.53364,11.39838316,0.292746676,27350.93978,,,,,,,,,,,
2010,174,2010-06-23,3,C.N,T,0.822,929.1557335,31.83508067,2757.04772,185.3818852,12.52107222,2.480147257,1.5961806,8.44474436,12.52049887,,1008.388698,355.4788483,1179.107586,6.902960392,0.286877097,,,,,,,,,,,,
2010,174,2010-06-23,4,C.N,T,0.84,848.1260914,27.34839618,3105.146646,230.109455,10.18829206,0.782449442,4.819895349,4.585947272,1.383489549,,1663.574116,772.3665394,1491.024144,10.54472105,0.614974907,15654.47801,,,,,,,,,,,
2010,174,2010-06-23,5,C.N,T,0.694,131.7274515,0.834380553,929.0972621,66.17033512,2.109734277,0.925911965,0.132642459,1.051179853,2.707862306,,881.9763547,334.1066186,660.4491403,0.230923389,0.373115269,11805.03887,,,,,,,,,,,
2010,189,2010-07-08,1,C.N,T,0.83686,670.7219117,26.4985005,1921.449656,146.5422021,2.130912487,0.078344831,2.052567656,0,11.07606424,,795.174866,422.7591937,729.4544533,11.1645174,0,17350.76788,,,,,,,,,,,
2010,189,2010-07-08,2,C.N,T,0.83756,848.0870128,48.86051565,3000.694634,269.5449258,6.172811866,0.550777088,5.622034777,0,22.20885712,,1344.247251,353.9799952,965.9379806,18.57695402,0.024020621,6844.206698,,,,,,,,,,,
2010,189,2010-07-08,3,C.N,T,0.82408,588.0368332,24.25179025,2064.831393,147.8319858,4.213137385,1.271433467,2.941703918,0,16.19228813,,1361.857537,638.0830163,730.1482684,13.91859814,0,22089.54142,,,,,,,,,,,
2010,189,2010-07-08,4,C.N,T,0.77646,491.9583023,26.32599627,2070.675918,146.5407494,0.657526711,0.657526711,0,0,0,,652.4418417,190.2874052,582.5722099,7.30767807,0.0045535,18425.5868,,,,,,,,,,,
2010,189,2010-07-08,5,C.N,T,0.8251,809.7458905,31.97683944,4238.69683,325.8347019,0,0,0,0,0,,681.0565827,225.8748288,1391.500489,28.63159208,0.100877176,11800.59417,,,,,,,,,,,
2010,202,2010-07-21,1,C.N,T,0.84274,1177.260429,66.14318204,4391.119511,291.1140725,9.360701814,0,1.793785561,7.566916253,0.108597207,,1161.885136,643.406031,1567.088532,17.12751606,0.119353035,9143.882753,,,,,,,,,,,
2010,202,2010-07-21,2,C.N,T,0.80026,398.2234329,18.35891398,3571.122091,227.6595042,3.499404999,0,1.412289563,2.087115436,4.063906594,,947.8840841,386.8448401,1001.570228,10.92571989,0.26417827,11445.3409,,,,,,,,,,,
2010,202,2010-07-21,3,C.N,T,0.83688,598.2430082,21.57237286,2950.687409,195.7294515,9.020641685,0.199739276,8.820902409,0,0.563794556,,1321.017392,463.17153,1216.205806,12.27308691,1.697756528,2956.229298,,,,,,,,,,,
2010,202,2010-07-21,4,C.N,T,0.77832,833.8573963,41.63469413,2828.642829,221.6706459,7.538913835,0.220462857,1.95912098,5.359329999,0.020735451,,716.5376401,219.704921,963.2063469,12.39680207,1.575165789,6763.173665,,,,,,,,,,,
2010,202,2010-07-21,5,C.N,T,0.85678,823.5661568,72.65445603,2836.667636,212.6052385,6.146971831,0,2.819833085,3.327138746,2.268898127,,849.0645418,354.2592716,1210.733158,11.12272145,2.392341494,7109.89665,,,,,,,,,,,
2010,216,2010-08-04,1,C.N,T,0.848,502.9934338,27.65949783,1564.236084,102.6134564,26.606445,7.252235255,5.86131318,13.49289657,15.06288079,,712.923132,729.0171868,1108.097425,9.372625742,0.00340957,7337.531638,,,,,,,,,,,
2010,216,2010-08-04,2,C.N,T,0.754,444.3843297,26.01821644,1229.215646,77.51432669,0.156744564,0,0.156744564,0,0,,978.2763371,361.7483075,862.7178499,9.998781192,0.032303139,3979.778947,,,,,,,,,,,
2010,216,2010-08-04,3,C.N,T,0.812,543.8623972,32.31545528,2207.505719,102.757879,7.118539074,2.830659688,3.92932118,0.358558206,10.16466261,,1310.806241,426.4205864,783.4813181,13.68094538,0,3070.130437,,,,,,,,,,,
2010,216,2010-08-04,4,C.N,T,0.852,579.1977959,27.61437459,2239.011684,132.7657679,5.284826641,0.293526763,4.991299878,0,16.06032036,,1732.731118,717.6051661,1126.696247,13.35290611,0.003501721,8374.598637,,,,,,,,,,,
2010,216,2010-08-04,5,C.N,T,0.824,539.2316117,35.34336653,675.2036402,45.89051229,4.820682201,0,1.94871367,2.871968531,5.988085535,,1139.397672,367.2808946,1018.980531,17.13733773,0.447583618,7309.923243,,,,,,,,,,,
2011,152,2011-06-01,1,C.N,T,0.90938,1321.287315,60.95417409,6229.735282,413.0145612,7.63556631,4.512929939,0,3.122636371,30.79812211,130.1249866,1193.843889,736.9877611,2581.788062,43.93095428,1.120476424,5245.620452,6.0873879,47.406645,0.8117179,45.3989849,1.771668767,,,,,-2.91154,-2.3951
2011,152,2011-06-01,2,C.N,T,0.857,799.1382779,61.22285798,3389.572914,209.569986,33.1780591,23.27021408,6.90821862,2.999626398,115.1953649,88.23957576,1751.853678,521.7865428,2314.453508,45.41596716,1.434567287,5243.374248,4.974289,47.28,0.635,45.19668782,2.076619329,45.51,2.06,,,,0.0479328
2011,152,2011-06-01,3,C.N,T,0.84244,858.4790614,76.42422955,5267.006838,454.9148568,48.24072699,32.42499797,12.69967697,3.116052039,100.1819362,87.74401064,537.5617072,362.799841,1912.725176,32.34932015,0.622125006,2109.205213,5.3973507,47.2,0.9101,47.06543625,2.825850106,44.21,1.83,,,,0.572624
2011,152,2011-06-01,4,C.N,T,0.82206,744.7170572,58.12059811,2692.476185,193.0651169,26.51740762,20.14860098,3.603909506,2.76489713,12.39046514,179.6916406,699.1496536,351.424429,1625.183851,36.9941156,0.110406669,1167.425385,2.8829413,42.08,0.7876,46.37802158,2.247516995,,,,,,-1.82391
2011,152,2011-06-01,5,C.N,T,0.8617,811.2680345,66.68881457,2789.299172,214.9926474,46.32932455,28.09555176,16.20419846,2.02957433,66.69575131,243.9963905,1225.182227,367.0779435,1821.08798,35.56888247,0.57269301,2914.875824,3.7224276,46.43,0.7545,45.64042875,2.387980684,42.43,2.26,,,,-0.818962
2011,162,2011-06-11,1,C.N,T,0.75054,958.6227544,36.8167624,633.6124379,62.08955728,8.068865998,6.453803938,0.503994278,1.111067782,22.92860409,505.0421551,189.4050647,376.7778863,1987.737058,19.00057432,0.949448068,,7.2769103,40.43970732,0.688251431,47.28475749,2.169090906,42.24,1.77,42.46,1.87,-4.04595,-0.321085
2011,162,2011-06-11,2,C.N,T,0.82881,1058.154891,67.95543116,3568.902229,255.4043302,39.95707338,12.66220163,24.77461507,2.520256683,32.07069058,327.0695252,1139.612122,789.7751161,1458.581156,23.9563707,0.364091168,,10.9959962,45.78,0.8305,46.46811429,2.114670364,,,,,,0.300261
2011,162,2011-06-11,3,C.N,T,0.82768,561.2497268,51.41201909,5462.746771,181.5174085,38.03062845,11.76195723,24.44812973,1.820541488,39.00602446,79.34123592,869.1164947,465.0790607,1708.874874,21.90873303,1.014085411,,4.7530196,47.17,0.7292,46.26705151,1.87889679,,,,,,0.729296
2011,162,2011-06-11,4,C.N,T,0.81092,811.8562791,44.88524539,2331.480747,173.9303113,29.15738332,14.95039028,11.83120124,2.3757918,16.0397963,1228.547038,1412.316062,542.228488,1416.819621,14.06684973,0.519036794,,13.4494311,46.45,0.6013,46.87934691,2.098827353,43.43,0.88,,,,0.457969
2011,162,2011-06-11,5,C.N,T,0.83323,695.4712273,33.74151816,3713.473947,269.9076522,7.439608874,5.737318324,0,1.70229055,71.05514321,144.0891451,803.7936835,528.4438834,2069.522887,17.80991715,0.270452494,,7.8016077,46.66,0.867,46.49896096,2.491016352,,,,,,1.70448
2011,173,2011-06-22,1,C.N,T,0.75101,700.386818,57.77306101,2804.975845,261.6916617,16.11992036,9.15484115,0,6.965079205,40.40983447,47.36095229,208.0058475,136.9296136,936.4804751,33.04546268,0.979198803,,0.3870958,30.35244189,1.292493213,46.49391582,1.662950276,,,49.22,1.94,1.04333,-1.50058
2011,173,2011-06-22,2,C.N,T,0.89913,1236.691243,41.2917447,5043.196805,490.8433017,0,0,0,0,204.4219633,343.6353371,2194.090717,1075.432372,2061.431699,42.75004148,0,,0,42.37,0.7296,56.4716173,2.516330405,,,43.18,2.16,,1.10819
2011,173,2011-06-22,3,C.N,T,0.80556,1063.31567,39.02082281,3723.477839,367.5647555,9.718379933,6.251454204,0,3.466925729,43.47452263,924.6354042,1796.891449,817.5163649,2092.045584,18.91823596,0.263105107,,1.788038,46.47,0.6673,41.58844814,1.85482915,,,,,,0.723151
2011,173,2011-06-22,4,C.N,T,0.822242,1160.320908,151.7589001,2271.089718,194.8660292,80.74380621,67.72995235,0,13.01385387,34.34614487,75.85425786,2203.152096,955.5678035,2464.619168,57.86859667,9.628437291,,1.5908923,44.61,0.9647,46.4661108,1.910749082,45.2,2.61,,,,0.103982
2011,173,2011-06-22,5,C.N,T,0.82472,777.3847367,53.65356175,2790.975113,235.248026,7.911820634,4.287241432,0,3.624579202,48.61886757,69.32704392,1254.401691,534.6819744,2260.544411,49.9895804,1.939611441,,1.4864662,40.81,1.273,95.27754034,4.341937941,,,,,,2.30757
2011,181,2011-06-30,1,C.N,T,0.8232,297.6144181,23.86196171,1374.787383,108.9076082,17.87322575,6.112931197,10.80161267,0.958681876,29.49212584,71.59833652,1002.00606,398.4896214,1655.529039,23.07714617,0,,2.5865931,49.26306527,0.55384181,77.35374203,2.459502523,,,41.51,1.23,-6.96257,2.74223
2011,181,2011-06-30,2,C.N,T,0.83465,1009.724357,40.5974447,3440.126224,314.4870663,10.11033438,6.614937872,0,3.495396503,30.09939693,400.886188,706.4585213,437.4524759,2119.738595,0,0.075935279,,4.1580146,45.38,1.148,41.63919089,1.277581109,47.13,0.96,,,,3.0924
2011,181,2011-06-30,3,C.N,T,0.8172,1523.429078,94.57063916,4329.50254,330.0292736,39.8266791,11.77069776,11.78052229,16.27545906,53.80414363,,1033.003654,583.4250913,1986.825822,33.20531726,0,,4.7278301,49.85,1.02,38.95064324,1.512758989,43.64,0.55,,,,-0.825178
2011,181,2011-06-30,4,C.N,T,0.80778,859.8606385,41.91847768,1708.193424,123.0750215,19.17831976,9.837012971,7.468948759,1.872358028,16.70151966,261.7203293,409.2669457,226.132939,698.0850751,17.70339254,0.073694875,,2.5932448,37.66,0.8347,46.95916589,1.843950232,,,47.95,1.22,,3.72104
2011,181,2011-06-30,5,C.N,T,0.80567,1217.224877,66.36874219,1160.927506,113.0487213,21.57210502,4.708489282,12.01082039,4.852795347,40.30247768,363.4244087,1161.500353,457.0888612,1666.832394,30.79428545,0.253474785,,2.2178378,45.23,0.6976,46.08464823,1.356443412,,,,,,2.07443
2011,192,2011-07-11,1,C.N,T,0.78509,730.697291,80.04141956,2335.914789,173.0893355,16.59266976,7.790393114,3.23693576,5.565340882,8.323764389,94.37130833,410.6451574,321.2157676,1668.392611,3.064653449,0.751129361,,1.0348061,36.08448943,1.430673161,46.56801122,1.473807394,43.85,1.84,44.98,1.1,2.06067,-1.37072
2011,192,2011-07-11,2,C.N,T,0.69207,487.9429923,49.62500935,1418.685023,155.3982877,20.75801417,7.689746807,9.854030876,3.214236482,4.537362781,47.66607007,202.7607989,164.4772914,750.073165,8.895018797,0,,0.6683505,26.33,0.9323,46.62632966,1.835384957,43.29,1.42,,,,2.70661
2011,192,2011-07-11,3,C.N,T,0.81372,930.9972487,53.6157637,3375.684438,271.6226626,13.64780955,7.165407621,4.542686846,1.939715087,33.42887093,207.0734764,495.2600365,784.4338454,1249.216341,7.15173287,0,,2.5333438,45.17,1.022,47.48548397,2.121299562,,,,,,2.55296
2011,192,2011-07-11,4,C.N,T,0.8031,769.4557649,53.32237994,3238.131807,233.4593383,5.943710183,2.022697298,0,3.921012885,17.66309222,106.7395731,773.0742637,453.6066487,1406.778445,12.45687573,0,,2.3254551,41.67,1.029,46.0346582,1.109757336,,,44.4,0.84,,-1.80075
2011,192,2011-07-11,5,C.N,T,0.81113,647.5852353,40.94931876,4351.151923,361.8629997,21.44038465,19.51367698,0,1.926707671,22.95133843,182.7479786,1502.232734,455.2871188,1738.466616,10.67846182,0.937358405,,1.4033293,42.39,0.8236,46.90271711,1.633619042,,,,,,-0.837996
2011,202,2011-07-21,1,C.N,T,0.81685,528.8833064,37.82587286,2686.192506,320.2207174,15.32993755,2.752076433,11.58819116,0.989669959,26.51207447,222.7641434,669.5264061,375.6618749,763.4418749,9.685069607,0.084256039,9724.469745,4.2588306,48.01964374,0.817129904,46.73906627,1.657607791,45.63,0.72,43.16,0.72,-4.5017,-0.618541
2011,202,2011-07-21,2,C.N,T,0.75201,856.9609435,41.1741764,1308.470433,106.5356498,12.24202077,6.24075665,4.349238216,1.652025902,48.7676443,206.4518938,739.4808658,329.6959212,1264.145692,2.329314216,0,1226.351695,3.8185122,38.86,0.6768,46.22018634,1.286522886,,,39.13,0.89,,-1.3414
2011,202,2011-07-21,3,C.N,T,0.82099,907.7035245,51.15755536,2723.806121,233.2924007,8.926067671,7.10416223,0,1.821905442,51.4256605,110.9402444,1246.524117,662.5412921,1526.99993,29.65114449,0.211470771,9729.086752,2.7321576,47.03,0.6875,46.92009335,1.167339062,,,,,,-1.45937
2011,202,2011-07-21,4,C.N,T,0.80031,1064.031508,80.94574306,2702.959003,209.9850316,19.81126585,13.44203676,2.90927754,3.459951551,37.28993018,152.2453752,883.0091456,390.901914,896.638515,10.44157899,0.14851721,7392.667787,3.4922135,46.9,0.5265,46.41066497,1.680808117,44.46,0.9,,,,0.0279776
2011,202,2011-07-21,5,C.N,T,0.85555,575.4928451,45.13598543,2692.318621,200.5547354,30.4497323,0,28.99989431,1.449837994,18.85299269,98.89552581,1147.676312,404.8427412,1747.477884,18.17335482,0.702736544,4838.656836,3.331568,46.87,0.7866,47.13103997,1.697693689,42.96,1.76,,,,-1.34528
2011,213,2011-08-01,1,C.N,T,0.83244,1447.222772,50.26022135,1329.062058,160.8013076,5.005298537,2.184141519,0,2.821157018,7.790585939,120.5291243,1689.24193,1733.864842,1749.747574,21.43019941,0,12473.83139,2.8815855,46.53846675,0.902655592,47.19915342,1.863672649,45.47,3.38,,,-1.30828,-0.803445
2011,213,2011-08-01,2,C.N,T,0.83053,581.5596164,38.28457506,2691.05083,176.5473238,8.515072376,0.605269094,4.50346067,3.406342612,0,138.3924943,388.2219668,663.8557977,2370.375636,24.84724576,0.995940056,2390.444466,3.5945036,45.63,0.7449,46.84804919,0.843003323,44.18,0.94,45.14,0.55,,-4.39905
2011,213,2011-08-01,3,C.N,T,0.74095,538.8774152,43.54273682,835.2092667,106.2535575,8.073715115,4.205825775,0,3.86788934,10.47937662,38.1394005,881.8267445,263.2089287,1879.781532,52.83704122,1.119256119,,1.2537728,38.69,1.445,46.19218916,1.348964962,44.21,0.92,44.08,0.47,,-0.501894
2011,213,2011-08-01,4,C.N,T,0.8362,788.0509279,58.00119033,2317.801131,182.0136367,14.82437838,3.636469747,8.185277238,3.002631395,20.710489,79.04886681,1830.418336,540.3599088,2197.315687,39.43216503,2.081070101,10903.81863,3.0440981,46.97,0.8374,44.65743133,1.079693023,45.18,2.4,,,,-2.81821
2011,213,2011-08-01,5,C.N,T,0.79199,671.5578314,42.95905189,1859.101669,166.805025,9.179174406,6.34536573,0,2.833808677,39.12522823,60.04440294,955.8100048,377.1910922,2354.139043,43.64033846,2.876168326,4754.499545,1.7853101,40.74,1.675,46.52311803,1.474776772,42.66,1.22,42.99,0.8,,-2.14884
2011,224,2011-08-12,1,C.N,T,0.828,536.2670024,27.60196205,2641.767532,146.4677448,4.786835716,3.442322575,0,1.344513142,0,97.70771457,804.9390739,337.2528975,829.2001441,15.58625723,0.136974869,,1.5991875,48.68492424,0.856914025,47.74469191,2.123426444,44.36,1.32,46.94,0.3,-1.94868,0.517461
2011,224,2011-08-12,2,C.N,T,0.845,1021.047867,64.65377456,2457.414566,170.3904603,36.88744733,3.373900856,31.27050176,2.243044719,0,341.4293724,723.874933,739.2980455,1233.848995,23.23575629,0,,2.7342767,47.3,0.813,46.98027705,1.26145518,42.85,1.58,44.59,0.92,,-1.84398
2011,224,2011-08-12,3,C.N,T,0.824,744.2989506,29.97751835,1563.893677,109.5270064,14.28802203,3.400420195,9.848841355,1.038760481,0,93.41969726,1416.951906,797.7447537,986.5240465,22.14917925,0,1838.730944,1.2882482,48.22,0.7419,46.27722484,1.927944232,45.69,0.62,,,,0.670698
2011,224,2011-08-12,4,C.N,T,0.818,421.639063,32.24594647,2561.226266,174.7926234,12.67243191,4.329899252,7.000469148,1.342063508,0,92.18071826,1277.401507,511.3677429,1036.171103,26.71554045,0,2645.777118,1.6800345,39.22,0.7946,46.38873647,1.906755891,44.35,0.39,45.79,0.58,,-0.336611
2011,224,2011-08-12,5,C.N,T,0.826,453.9426589,31.5436797,2690.036809,289.1542159,6.53391342,3.570897728,0,2.963015693,32.73870966,66.1681556,860.0466198,349.7927386,1614.234911,45.22003999,3.93346864,4027.624015,1.8445577,46.17,1.123,46.5606724,1.684004305,44.5,1.15,48.16,0.46,,-2.20453
2011,237,2011-08-25,1,C.N,T,0.845,398.662868,31.33974908,1190.421658,119.83835,19.13319538,0,17.97549488,1.1577005,3.682410554,40.42853912,2184.31749,1078.602351,1825.594439,41.35369207,3.040475601,1358.770456,1.3739926,48.70553665,0.777317827,47.75572073,1.635288174,45.23,0.79,46.68,0.36,-4.0629,-1.53532
2011,237,2011-08-25,2,C.N,T,0.802,492.5220543,28.7632807,2767.21663,305.1871369,8.119770169,0,6.86930748,1.250462689,39.59210153,39.51993521,2506.124347,724.268588,1972.275373,31.44726826,0.240017172,6323.969809,1.6303348,48.1,0.5996,46.844569,1.90777153,43.86,0.7,45.41,0.28,,1.45713
2011,237,2011-08-25,3,C.N,T,0.831,452.1131944,24.82918522,1351.256932,105.7604614,1.170474667,0,0,1.170474667,21.01716585,69.04880462,1669.186791,812.1975981,3470.648762,53.5687943,1.566447987,3524.092591,1.4585127,47.34,0.876,48.30138415,2.178214539,43.47,1.16,46.6,0.2,,2.14303
2011,237,2011-08-25,4,C.N,T,0.816,543.8826402,27.03788729,1604.336106,130.6888421,1.028622083,0,0,1.028622083,34.8213382,106.5737563,1750.613158,834.067164,1946.500378,31.22334261,0.074503658,3301.255328,1.601254,48.09,0.7169,46.66262963,2.067772042,44.08,0.87,,,,2.33124
2011,237,2011-08-25,5,C.N,T,0.912,660.2592325,53.07874966,6354.161151,376.8874749,6.242324095,1.758137416,2.63824408,1.845942599,47.0181427,151.9837279,2543.822596,1177.122983,4424.799241,65.34984998,0.695819014,3519.281437,1.567443,47.46,0.8574,46.40957517,1.444069226,43.28,1.23,46.81,0.35,,1.06053
2011,245,2011-09-02,1,C.N,T,0.83,942.4870473,37.54280436,2465.093262,159.5287837,8.766704783,0,7.66648531,1.100219473,49.01522378,151.8847707,1449.199142,811.4807406,2890.966494,26.93401249,0.754043119,,2.1134979,74.91305849,1.121679598,46.80569938,1.97724389,44.57,0.81,46.01,0.48,-6.83916,1.09921
2011,245,2011-09-02,2,C.N,T,0.835,732.7925421,39.31567035,1927.928262,120.980748,5.326301528,0,4.517472755,0.808828773,42.14071355,373.5507532,2770.491953,824.0943616,1794.734993,16.80214079,0.129482152,,1.7227956,48.26,0.6462,47.60539631,2.315824053,,,47.06,0.3,,1.6639
2011,245,2011-09-02,3,C.N,T,0.845,1216.18694,42.89068431,4720.144987,235.8608605,4.517611297,1.981964691,1.204291031,1.331355575,74.92541048,553.3661762,1200.02983,2542.805791,1423.932749,30.97584592,0.58330529,,1.907926,46.45,0.8259,,,,,46.33,0.41,,
2011,245,2011-09-02,4,C.N,T,0.818,466.0358723,28.37788053,1444.532857,113.3059305,8.786262856,3.024251676,5.104473667,0.657537514,57.93125382,147.8366823,329.8178675,688.9224669,1312.976191,10.67700051,0.362370618,,2.0056444,47.38,1.003,48.04955631,1.932140611,45.19,1.6,47.06,0.27,,2.67663
2011,245,2011-09-02,5,C.N,T,0.866,933.8072844,67.95647207,2232.108099,199.3870062,16.67400259,1.840646304,12.58225273,2.251103562,142.5661445,185.7071509,1561.983064,604.5788916,714.1657575,28.05252824,0.476000253,,1.7754003,47.68,1.052,53.92403634,2.174912772,43.45,2.12,44.47,0.94,,-0.152958
2012,148,2012-05-27,1,A.N,T,0.86,694.0784694,34.70581809,4294.084525,360.7459143,2.615644144,0,0.826564112,1.789080032,3.929616624,,1880.45454,952.4771937,3098.342694,9.594433264,0.123268707,1046.089103,2.041431322,47.38,0.5216,44.84,1.52,,,,,,
2012,148,2012-05-27,1,A.O,T,0.85,543.0612325,36.67688064,2517.249796,188.1315765,1.440930253,0,0,1.440930253,21.88887519,,698.2860677,315.4829361,932.988203,3.554955558,0.701809837,1258.807701,0.852274089,47.6,0.5677,45.21,1.4,45.22,2.53,44.54,1.32,,
2012,148,2012-05-27,1,C.N,T,0.866,721.7487543,77.39720195,,,72.22677842,0,69.84825901,2.378519413,28.49142183,,916.382302,490.0269032,1472.142345,6.055512903,0.055933147,1471.679982,1.002527198,47.62,0.5089,45.06,1.25,45.92,0.81,43.91,1.22,,
2012,148,2012-05-27,1,C.O,T,0.86,474.6269444,54.59269968,2501.984979,149.1075166,50.63070528,0,48.93259542,1.698109861,21.46376089,,1936.86374,467.1630283,1049.242116,8.168101097,0.041059794,1629.651795,2.091909456,48.12,0.5145,44.59,2.01,,,44.27,3.05,,
2012,148,2012-05-27,2,A.N,T,0.837,1297.759858,91.48366637,2295.293845,162.9412576,14.48514824,0,9.192897246,5.292250992,2.997164685,,147.8677682,1054.301155,1757.101852,16.1262067,0.851758223,1727.402174,1.040147443,43.05,1.71,45.21,1.21,,,44.77,0.93,,
2012,148,2012-05-27,2,A.O,T,0.762,912.2827469,50.37861992,1795.823721,167.9737285,16.28420337,0,11.95207391,4.332129463,6.306178196,,433.2823032,488.2881598,1949.490995,7.674164029,0.191469974,1287.601959,1.414396322,,,42.01,1.54,,,42.59,0.7,,
2012,148,2012-05-27,2,C.N,T,0.77,334.1269911,26.2174139,1438.177039,150.4717849,18.53494306,0,17.73527669,0.799666367,1.862439016,,877.4480633,300.743968,1071.707811,8.40441341,0,2240.128223,1.474954089,42.81,0.3782,44.61,1.81,,,43.45,1.49,,
2012,148,2012-05-27,3,A.N,T,0.84,471.7119181,49.85414028,2688.738276,264.9958746,29.92225421,0.960751805,27.53361225,1.427890161,14.0554888,,1459.781216,290.3791866,1254.528697,1.449555663,0,1496.95951,1.227680962,48.18,0.4027,45.36,1.73,,,44.43,1.64,,
2012,148,2012-05-27,3,A.O,T,0.864,560.6040872,48.14309319,2343.836249,195.0436903,9.929261329,0,7.492809482,2.436451847,7.945636764,,1333.621076,1583.22554,2013.90054,5.87383954,0.041466156,1356.523781,1.716362177,46.19,0.6437,,,46.65,0.83,43.8,1.56,,
2012,148,2012-05-27,3,C.N,T,0.86,665.9619057,63.90786321,2581.283717,195.2270008,28.32252678,1.356015192,24.63161053,2.334901059,50.9105748,,1406.436542,752.383939,1240.043205,6.318898697,0.017597055,814.8136184,1.049599344,46.99,0.703,,,,,44.84,0.66,,
2012,148,2012-05-27,3,C.O,T,0.889,663.3421668,50.08838049,3146.050136,200.0776769,34.09211668,0,32.47784718,1.614269505,17.26923949,,522.0987787,261.0425726,660.3676797,1.358925507,0,710.5856086,1.27803676,46.42,0.6449,45.02,1.14,46.52,1.35,43.89,1.74,,
2012,148,2012-05-27,4,A.N,T,0.846,520.3590096,28.06015304,1715.955834,181.2814982,1.705053287,0,0,1.705053287,22.03054909,,1207.932562,267.8646357,1317.906963,8.74267974,0.238182354,1783.579904,1.712889017,47.85,0.3059,45.98,1.72,45.5,2.48,43.45,2.53,,
2012,148,2012-05-27,4,A.O,T,0.85,506.2998275,27.37837384,1929.206756,168.3715443,1.52295932,0,0.308057341,1.214901978,27.44496887,,1082.550673,367.7691342,1059.364434,13.01099332,0.873422198,1262.891026,1.170482084,47.04,0.4603,44.72,2.07,,,44.29,1.87,,
2012,148,2012-05-27,4,C.N,T,0.761,399.295503,17.33703776,976.8610719,69.99322818,1.222379874,0,0,1.222379874,3.661828626,,381.6235965,193.5338297,314.2570191,2.783239268,0,1286.740332,0.772363757,32.67,0.2277,-0.01,0,,,43.8,1.21,,
2012,148,2012-05-27,4,C.O,T,0.883,1022.79164,59.13429089,3093.248397,249.3372295,31.81143938,0,29.58940385,2.222035527,12.11370256,,289.4868919,318.139464,1130.03479,10.48577333,0.071152347,3227.81317,1.866142783,45.83,0.6595,44.37,1.83,43.82,5.1,43.91,1.27,,
2012,148,2012-05-27,5,A.N,T,0.744,192.525514,11.84913079,1318.768551,97.84533992,1.011998595,0,0.443079269,0.568919326,0,,518.3818578,207.4538438,279.300159,0.994957691,0.002247086,1954.932242,0.590886437,14.64,0.0407,43.47,1.66,,,41.49,1.84,,
2012,148,2012-05-27,5,A.O,T,0.89,1705.38285,101.8292782,3150.661375,284.6951171,38.00419732,0,34.04751704,3.956680276,6.624274137,,336.6415345,296.1438731,2892.408283,14.36814913,0.049681024,2588.844281,1.784712054,45.55,0.8585,45.3,2.16,,,43.89,4.12,,
2012,148,2012-05-27,5,C.N,T,0.851,718.8683128,39.02127846,952.1302839,95.30876963,24.90047516,0,23.10825005,1.792225102,13.29262047,,1425.479227,450.8672129,1048.198261,11.92878528,0,1266.93613,1.563680698,47.48,0.3463,45.21,1.55,43.47,3.59,43.68,1.22,,
2012,148,2012-05-27,5,C.O,T,0.91,966.5579832,64.69630446,3453.442048,294.335949,57.71015507,0,55.75969527,1.950459805,14.50454913,,763.4199862,827.4000414,5605.539767,35.36767403,0.635666439,,2.656593792,46.44,0.7184,,,,,,,,
2012,162,2012-06-10,1,A.N,T,0.82754,368.8991867,27.25784121,3282.022504,215.1374328,1.884448535,0,0,1.884448535,6.083954648,,546.7723582,233.3027524,637.9474781,11.37987005,0.159062117,3249.683589,1.320941487,47.58,0.8924,45.73,2.16,,,43.98,1.59,,
2012,162,2012-06-10,1,A.O,T,0.81506,289.8280722,22.52836758,9990.491111,167.3360364,1.540254136,0,0,1.540254136,11.5218965,,352.7236903,151.6419332,589.8273675,5.634177208,0.54711292,10422.99812,1.106655898,48.05,0.86,,,,,44.73,1.12,,
2012,162,2012-06-10,1,C.N,T,0.85293,819.0687547,48.47286676,2870.760696,171.4226118,11.41863684,0,7.579665344,3.838971495,6.812139621,,1226.904868,311.2618295,2036.079493,27.74953076,0.306363909,2972.982537,1.608830856,47.77,0.8252,44.47,2.06,,,44.02,1.21,,
2012,162,2012-06-10,1,C.O,T,0.86524,691.8784078,15.13577735,1942.665736,171.1659209,2.332224272,0,1.184206768,1.148017504,0.7073129,,1167.250605,412.1951653,781.1409852,0,0.397202734,1994.114335,1.315337276,47.73,0.6283,45.88,2.06,44.6,1.6,45.09,1.55,,
2012,162,2012-06-10,2,A.N,T,0.8355,1185.797371,27.64380838,935.7077673,109.1331306,5.399011851,1.067374376,0.241298673,4.090338802,9.707386313,,2326.92912,628.7087453,2410.850337,1.382128374,1.382128374,3682.674535,1.271151661,47.63,0.6593,45.45,1.35,46.64,1.92,44.19,1.39,,
2012,162,2012-06-10,2,A.O,T,0.80848,736.5764635,43.43559448,2716.424283,294.8004779,6.975273691,0,1.444073065,5.531200626,3.013425332,,580.746751,302.5114541,1520.019036,5.237491149,1.082488227,5774.811577,0.605941231,39.61,1.627,43.44,1.32,,,45.83,1.51,,
2012,162,2012-06-10,2,C.N,T,0.82948,839.5315087,42.38762635,2443.381162,208.774416,10.45338685,1.249050449,2.325397787,6.878938618,10.4859813,,900.6811872,248.3587609,2198.072961,0,0.090746544,3622.152709,2.540629268,44.36,0.8033,45.18,1.84,44.97,1.33,43.42,1.14,,
2012,162,2012-06-10,2,C.O,T,0.82922,363.2185545,16.81382953,2932.355524,223.0745463,1.312560054,0,0.232175398,1.080384656,0,,449.0688931,287.7088951,1123.100407,0,0,2023.264525,1.392869169,48.13,0.8673,,,45.79,2.53,43.39,2.39,,
2012,162,2012-06-10,3,A.N,T,0.8582,1114.808947,31.5996907,3109.625536,143.5673427,7.067379951,3.107653388,1.967110542,1.992616021,4.606471561,,7139.428395,7382.250162,29368.16051,0,0.105821497,3310.02013,1.53169501,47.21,0.7079,45.26,2.49,,,44.87,1.41,,
2012,162,2012-06-10,3,C.N,T,0.83389,811.8691756,47.86450959,5312.621552,307.1397454,4.844294302,0,0.238893988,4.605400315,16.58768352,,1238.747447,466.5282635,1396.066116,15.21684462,0.080826307,2144.384295,1.549659796,47.53,1.011,45.06,2.37,44.91,1.41,44.58,0.99,,
2012,162,2012-06-10,3,C.O,T,0.84859,668.3906675,23.57120072,2840.640544,175.3733186,1.07709503,0,0,1.07709503,7.672212903,,1643.816117,820.8053156,2140.577204,0,0.339010455,3384.576976,0.927305897,47.74,0.7422,44.92,2.24,,,46.1,0.98,,
2012,162,2012-06-10,4,A.N,T,0.91752,960.4881404,112.5435307,5174.145314,312.1337441,38.24553269,0.308388123,12.20039392,25.73675066,44.73519774,,5334.045509,1926.266527,4355.944502,19.61256441,0.439887572,4456.65149,2.213178649,47.84,0.6153,44.57,1.45,46.27,1.27,45.21,0.65,,
2012,162,2012-06-10,4,A.O,T,0.83357,645.5444294,51.26676945,4114.840752,314.8342547,9.449594628,0.150663954,0.23842158,9.060509093,10.96616878,,980.0668467,269.5463839,2068.402894,7.422281512,0,4555.027143,2.017106501,42.34,0.9828,,,,,,,,
2012,162,2012-06-10,4,C.N,T,0.87579,1398.610563,80.29830591,3891.082209,302.2657008,34.01173972,0,12.87100495,21.14073476,19.69877925,,811.5877666,267.1313267,1711.464214,17.24889421,0.700567061,5551.774411,2.066752048,46.82,1.034,44.89,1.97,,,44.88,1.14,,
2012,162,2012-06-10,4,C.O,T,0.861,1643.962127,78.28820961,3459.43242,344.2650363,18.27258344,0,0.286813562,17.98576988,14.95934957,,84.39137778,73.73196832,1664.848025,12.91739045,0.672858164,2983.377592,1.374581876,46.6,1.121,44.81,2.68,45.49,2.72,44.8,1.95,,
2012,162,2012-06-10,5,A.N,T,0.83117,723.1352464,70.17071743,10656.35794,281.6262303,8.303332813,0,0,8.303332813,12.33870825,,910.7993275,727.8828223,2700.272226,5.634808814,0,2916.235232,1.230507744,41.94,1.255,44.81,2.28,43.62,4.32,45.04,0.71,,
2012,162,2012-06-10,5,A.O,T,0.85338,538.0094273,55.79249516,2825.223497,198.7916238,53.69897905,0,50.78060525,2.918373806,2.810817501,,564.8037631,181.3359442,1453.001906,10.59954948,1.555034578,8344.517045,1.586573933,45.45,0.9185,45.39,1.83,,,45.25,1.29,,
2012,162,2012-06-10,5,C.N,T,0.86009,1353.20314,37.54960194,1336.404751,139.2920743,8.09378541,0,4.558461323,3.535324087,13.72374787,,2464.054995,888.0789051,1832.684077,7.509758853,0,2908.502857,1.977676093,48.12,0.6675,44.84,2.68,,,43.28,2.81,,
2012,162,2012-06-10,5,C.O,T,0.83893,537.1312327,25.32273917,1916.100333,183.8429483,1.721134617,0,0,1.721134617,5.442333985,,0,0,0,5.227277555,0.079571127,3605.141321,1.69551217,47.75,0.6053,44.94,2.19,,,,,,
2012,171,2012-06-19,1,A.N,T,0.83479,505.8806882,30.99024413,3211.642676,249.7018889,1.809719029,0,0,1.809719029,42.90028392,,676.4481337,268.7062798,709.172519,17.65437325,0,3358.074628,0.927505722,47.38,0.5865,44.92,1.83,,,43.56,1.87,,
2012,171,2012-06-19,1,C.N,T,0.8377,489.272031,27.64917884,4378.166396,310.8582752,1.620803924,0,0,1.620803924,19.54012014,,668.1660027,484.2036646,2028.968646,44.82922528,0.484427783,8400.231622,1.128021687,48.31,0.7409,,,,,,,,
2012,171,2012-06-19,2,A.N,T,0.76781,707.5080682,36.19863155,2917.99947,193.7508943,2.654512095,0,0,2.654512095,15.02194597,,608.1250213,456.9079388,751.0037754,9.83480093,0,5967.103941,1.294635713,43.92,0.5684,44.41,1.84,,,43.75,1.9,,
2012,171,2012-06-19,2,C.N,T,0.84522,422.7018996,26.75017848,3618.138356,280.3272157,1.585049398,0,0,1.585049398,27.3015869,,1085.881751,640.176572,2151.255759,34.54065472,0.040094938,3743.190555,0.75484934,47.33,0.5876,45.05,1.78,,,44.26,0.95,,
2012,171,2012-06-19,3,A.N,T,0.8344,611.0030281,48.64710355,3547.566715,281.5932181,4.305970211,1.19425985,0,3.111710361,29.80198433,,1650.448478,961.1566965,2778.282105,26.76487001,0.048192246,8374.711042,1.389864939,46.71,0.7341,44.96,1.8,45.08,3.11,45.22,1.06,,
2012,171,2012-06-19,3,C.N,T,0.8332,561.1086691,35.95389538,2012.268014,199.0238453,3.887447088,0,2.041437894,1.846009194,59.67745298,,1739.045636,768.5115303,3245.985794,27.43333404,0.021029254,7690.282052,0.855605745,47.76,0.4981,45.42,2.02,44.61,2.68,44.94,1.06,,
2012,171,2012-06-19,4,A.N,T,0.83141,627.1398654,66.93123169,2790.490961,268.8046438,6.672631012,0.758662284,0,5.913968728,10.26309364,,175.2359166,554.1203825,1470.390761,65.00821521,0.47968708,2888.919461,2.103743943,45.52,1.046,,,44.74,2.73,44.94,0.83,,
2012,171,2012-06-19,4,C.N,T,0.80597,388.0577457,34.80692894,2496.328038,287.9788031,3.56743503,0,0,3.56743503,38.61159162,,1534.113441,871.5513495,1988.125176,18.22244604,1.346117686,1254.60157,0.868095289,40.2,0.8546,,,46.54,0.94,42.66,1.29,,
2012,171,2012-06-19,5,A.N,T,0.81366,1036.54804,44.43712077,3369.162661,319.7275125,2.65913698,0,0,2.65913698,34.79981781,,2350.646508,706.630853,1628.881645,25.9320242,0,3304.410072,1.015014185,46.22,0.7583,44.27,2.33,,,44.88,0.96,,
2012,171,2012-06-19,5,C.N,T,0.84,433.8181197,49.4819703,4537.350025,339.8768797,8.935960491,0,6.642708028,2.293252462,33.29093733,,1890.401009,612.0795191,1766.079684,22.56510388,0.286362594,4714.760815,0.652358351,47.42,0.8344,,,46.8,1.25,42.63,2.61,,
2012,181,2012-06-29,1,A.N,T,0.82097,1514.215871,29.36460365,5460.349378,248.4592872,2.545143717,0,0,2.545143717,23.27582551,,867.1348883,563.1082373,1255.849762,3.421883681,0,10761.04353,2.049523247,44.92,1.074,44.76,1.84,46.03,1.61,,,,
2012,181,2012-06-29,1,C.N,T,0.90528,1156.059618,66.75908305,4199.457216,322.5112424,4.206000057,0,0,4.206000057,0,,1958.982067,1034.528716,1472.884457,5.859040198,0,4582.249312,1.703279994,42.7,0.8279,45,1.04,46.26,0.97,,,,
2012,181,2012-06-29,2,A.N,T,0.83066,359.4459594,29.98445493,3629.774487,326.2643328,2.136704095,0,0,2.136704095,0,,1646.121998,683.2482307,2329.406586,16.62800129,0.254856856,12418.69322,3.179524947,46.2,1.238,42.47,1.58,45.74,2.09,44.38,1.29,,
2012,181,2012-06-29,2,C.N,T,0.902,2306.667838,141.6527532,14643.89307,834.8399029,35.79135264,0,0,35.79135264,20.17215753,,3464.217861,1770.583212,4406.80012,129.1896449,0.503293995,2900.741918,1.592166017,47.31,0.9585,45.59,2.3,46.02,1.65,45.06,1.52,,
2012,181,2012-06-29,3,A.N,T,0.76152,910.1706064,28.45213871,893.98386,102.0434867,2.907489733,0,1.576213859,1.331275875,15.985978,,604.1208627,284.309296,572.0227341,6.465702408,0.068940528,3334.014095,1.42811185,47.6,0.8076,44.54,1.52,,,44.9,0.99,,
2012,181,2012-06-29,3,C.N,T,0.82524,856.0252836,141.1523049,3343.861054,208.8880031,23.19736377,6.646390125,0.114458544,16.4365151,0,,1657.132659,955.7608172,2672.254718,40.67885134,0,9458.514003,4.1465377,47.28,0.9909,45.62,1.97,46.6,1.33,44.51,1.28,,
2012,181,2012-06-29,4,A.N,T,0.91001,1024.956935,50.21970207,12394.66623,336.0793693,4.351737971,0,0.225512383,4.126225588,3.989741353,,3528.831181,1361.586984,4510.106697,52.97557131,0,5765.410367,1.820649599,46.96,0.7826,45.74,1.09,,,,,,
2012,181,2012-06-29,4,C.N,T,0.7182,410.8235616,22.80076446,971.1707443,100.0114854,1.90190541,0,0,1.90190541,2.398832383,,2029.021121,922.0102169,1009.160998,10.31675119,0,10049.08022,3.01281594,24.45,0.3996,43.28,1.91,,,,,,
2012,181,2012-06-29,5,A.N,T,0.82878,404.6392089,38.69877551,1373.758612,125.3624455,5.052271662,0,1.519647827,3.532623835,13.582462,,1250.551194,627.683771,313.1588096,9.016166322,0.018861522,10029.37335,3.246791859,39.77,0.6755,43.26,1.6,45.54,2.09,42.3,1.11,,
2012,181,2012-06-29,5,C.N,T,0.90371,1189.225673,76.28703042,7028.571865,623.4552575,5.6045579,0,0,5.6045579,0,,0,0,0,0,0.003049,3535.953251,1.309337744,45.12,1.353,44.16,2.11,44.73,1.7,45.12,1.03,,
2012,194,2012-07-12,1,A.N,T,0.8058,551.8666497,23.73158167,3129.433232,232.8935699,1.768710883,0,0,1.768710883,0,,1094.220455,193.5419118,,0,1.563824808,10861.38044,1.179557486,47.01,0.6476,44.39,1.33,,,46.62,0.35,,
2012,194,2012-07-12,1,A.O,T,0.839,789.1288627,33.18251073,2529.297326,203.0724486,1.810626625,0,0,1.810626625,0,,1071.996093,348.451233,,0,0.414341993,1796.658523,0.674261471,46.97,0.7092,46.48,1.57,45.86,0.78,46.43,0.39,,
2012,194,2012-07-12,1,C.N,T,0.80637,465.1543841,23.07789397,5502.394257,417.890765,1.840898501,0,0,1.840898501,0,,810.1023609,352.3033017,,0,2.731240744,4092.911588,0.677462535,45.65,0.7778,45.94,1.51,45.33,0.79,44.76,0.47,,
2012,194,2012-07-12,1,C.O,T,0.79764,266.1724666,20.7120726,1248.266482,90.9007004,1.696490086,0,0,1.696490086,27.97158803,,361.8290235,40.97949124,,1.693684808,0.597379876,4945.119446,0.7832032,47.65,0.5777,42.99,1.18,46.13,0.7,45.68,0.64,,
2012,194,2012-07-12,2,A.N,T,0.81867,552.1186201,32.42270089,3534.042668,358.8422748,1.398018232,0,0,1.398018232,0,,588.1972329,150.3491067,,2.004699687,2.376171688,1760.332105,1.268101068,46.8,0.5955,44.61,1.68,,,45.07,0.57,,
2012,194,2012-07-12,2,A.O,T,0.82144,787.5819567,48.68015428,5277.728002,358.7393612,4.347474803,1.089090567,0,3.258384237,0,,457.6631258,309.63167,,0,0.796701846,7837.423153,1.309557937,44.63,1.493,45.81,1.57,,,45.83,0.54,,
2012,194,2012-07-12,2,C.N,T,0.81977,361.2469033,35.26800931,4199.059377,284.8979835,2.12621157,0,0,2.12621157,0,,564.1120426,244.7017959,,0,1.540086308,12652.02839,1.335885121,46.47,0.8709,45.6,1.19,45.89,1.47,44.49,0.69,,
2012,194,2012-07-12,2,C.O,T,0.83875,875.8205902,54.45680834,5531.811234,480.95925,5.378304373,0,0,5.378304373,0.035145323,,1084.27615,134.5503165,,0,7.354024105,8517.244302,2.411886609,45.07,0.9891,44.91,1.11,,,44.04,1.03,,
2012,194,2012-07-12,3,A.N,T,0.82085,941.6870682,40.87519869,2978.871724,222.8925627,2.670261418,0,0,2.670261418,0,,790.2142194,161.6071928,,8.554333398,1.091623649,8875.496839,1.059788706,45.52,0.7711,45.62,1.45,,,44.96,0.81,,
2012,194,2012-07-12,3,A.O,T,0.83368,212.6258385,19.16289784,3002.470398,171.8185215,1.550608908,0,0,1.550608908,0,,506.0577759,196.1180629,,0,0.191175035,6228.094641,0.994867626,46.79,0.6405,42.58,1.39,,,45.99,0.49,,
2012,194,2012-07-12,3,C.N,T,0.8172,383.7223997,20.57005813,2193.994708,157.0000092,1.41005787,0,0,1.41005787,9.837445335,,1869.815642,432.4143304,,8.941243515,0.798007866,8500.410401,1.148023428,47.36,0.6324,45.21,1.08,45.79,1.01,45.03,0.52,,
2012,194,2012-07-12,3,C.O,T,0.81022,560.5019784,29.23363573,3030.639344,168.1056651,1.87850069,0,0,1.87850069,0,,807.9985769,467.0435178,,4.17749058,0.070607647,5285.991061,1.154516583,46.4,0.8182,45.74,1.15,,,46.25,0.55,,
2012,194,2012-07-12,4,A.N,T,0.83404,329.3909533,21.16394184,2242.692227,170.1663629,1.348788257,0,0,1.348788257,4.683125501,,407.8066737,209.1636646,,0,0.614086708,7275.873791,0.842514241,47.23,0.6878,44.92,1.41,,,45.17,0.54,,
2012,194,2012-07-12,4,C.N,T,0.82319,704.6367092,38.47476784,2474.147699,201.254073,2.657772713,0,0,2.657772713,0,,104.7695766,145.1657831,,0,0.376770213,6898.928663,1.435212114,46.49,0.8135,46.38,1.97,46.21,0.68,41.85,0.7,,
2012,194,2012-07-12,4,C.O,T,0.83639,886.3048029,70.81245689,3506.374551,368.5153738,8.45935679,0,0,8.45935679,0.933961177,,815.1518976,230.0680083,,9.627317685,9.064292284,6642.584163,1.28675453,41.51,1.401,44.96,0.98,46.82,0.94,43.22,0.68,,
2012,194,2012-07-12,5,A.N,T,0.78125,669.201327,47.63662821,1634.908557,194.9186036,5.626239836,0,0,5.626239836,0,,547.5714458,211.4497261,,0,1.656704027,9587.218962,1.023699871,32.69,0.9148,45.55,1.25,47.28,0.66,40.84,0.96,,
2012,194,2012-07-12,5,A.O,T,0.83594,1294.570065,71.38024528,3325.032605,271.1952612,7.545864762,0,0,7.545864762,0,,255.6199392,324.6199594,,0,0.737293707,3558.205847,1.550758,46.19,0.9394,43.94,1.78,,,45.92,0.92,,
2012,194,2012-07-12,5,C.N,T,0.84685,521.9874203,42.28411458,2649.964484,182.1481491,4.645255124,0.510132145,1.451204053,2.683918926,0,,1211.432537,170.8463477,,1.312864903,0.716005453,13763.62443,1.305095816,46.41,0.5701,44.81,1.7,46.44,0.68,44.63,0.57,,
2012,194,2012-07-12,5,C.O,T,0.81359,840.5114984,49.5951573,2313.017121,262.8371282,5.480861437,1.041820603,0,4.439040835,0,,1736.578646,413.6995327,,11.19522944,0.455959751,7850.153486,0.652035315,38.74,1.192,43.51,1.59,45.66,0.96,43.81,0.72,,
2012,208,2012-07-26,1,A.N,T,0.83405,838.023461,105.4256369,3317.053551,307.3449351,26.80976462,5.186967037,4.070058785,17.55273879,0.157154705,,170.7770168,1212.727726,2477.519825,25.07335643,4.644948462,3627.840736,1.691616578,41.79,1.565,44.94,1.18,45.57,0.83,46.73,0.79,,
2012,208,2012-07-26,1,C.N,T,0.82894,711.8648033,31.4698295,1976.896964,121.7173671,3.702983179,0,0,3.702983179,0.964734834,,7648.952767,3086.496284,8220.006902,11.35861002,0.014401892,7881.432435,1.419605412,46.86,0.6813,45.12,1.04,,,45.22,0.4,,
2012,208,2012-07-26,2,A.N,T,0.83728,396.6942974,18.60785896,2263.526784,146.5217307,3.23234029,0,0,3.23234029,25.5511663,,917.4957825,286.0323923,895.6579011,33.30030519,0.419523354,6718.301348,1.253875312,47.6,0.6223,43.31,0.92,47.14,0.49,46.02,0.25,,
2012,208,2012-07-26,2,C.N,T,0.84917,457.9895859,27.21152757,2513.589084,177.317872,1.622330448,0,0,1.622330448,25.83017079,,1296.555832,215.3078117,1241.77246,21.68599972,0,12185.45295,1.968236704,47.91,0.771,43.33,1.43,45.5,2.17,47.69,0.41,,
2012,208,2012-07-26,3,A.N,T,0.8129,624.1339572,33.44725745,2720.210923,209.1672796,2.084176318,0,0,2.084176318,0,,930.2855946,429.6744,1459.666966,13.57044842,0.207062255,4472.954924,1.4836814,47.17,0.7491,45.68,1.01,,,44.59,0.45,,
2012,208,2012-07-26,3,C.N,T,0.84623,771.3921564,35.65631031,2209.775266,144.6006105,3.030443953,0,0,3.030443953,0.056652297,,350.8575158,240.0870106,793.1622115,13.47960154,0.035991925,5516.881851,1.975091288,47.41,0.7381,46.78,1.05,,,,,,
2012,208,2012-07-26,4,A.N,T,0.80857,650.3155463,58.02182639,1348.396424,88.8788628,7.241675591,0.834680946,0,6.406994645,0.904279042,,457.913168,253.7006577,624.7179176,21.20771886,0,6748.704311,1.021717845,40.1,0.7994,46.14,0.76,,,38.96,0.43,,
2012,208,2012-07-26,4,C.N,T,0.81836,408.1603875,32.0163846,3420.359253,321.5574389,3.147934622,0,0,3.147934622,9.737164451,,1125.249413,199.2850922,1053.658624,34.28569359,0.289667436,18471.03037,0.926206574,43.87,1.276,45.05,1.29,47.11,0.71,43.57,0.53,,
2012,208,2012-07-26,5,A.N,T,0.84856,247.0703551,17.24327992,2491.410392,221.6666851,1.386189014,0,0,1.386189014,0,,1193.848801,509.6674858,1410.332598,0.968172087,1.034229701,2881.62872,1.543535511,47.1,0.8247,44.48,0.89,44.53,1.23,,,,
2012,208,2012-07-26,5,C.N,T,0.79387,702.1415381,55.85197597,2744.08549,203.6597382,6.710357728,0.98406586,0,5.726291868,0,,824.7157613,580.7918847,3833.351934,20.27234338,1.336833907,10644.74012,1.042618175,41.77,1.677,46.2,0.93,45.59,0.51,,,,
2012,227,2012-08-14,1,A.N,T,0.847,496.7788336,26.36356272,3583.64122,208.1370593,2.129295247,0,0,2.129295247,0,,1201.921836,619.0165683,1991.048143,5.963440702,0.653887281,7738.93985,1.37080687,47.81,0.5139,45.45,1.3,,,47.52,0.29,,
2012,227,2012-08-14,1,A.O,T,0.844,931.330169,76.83060213,3065.841232,215.1946387,11.59691521,2.29960094,0,9.297314269,0,,115.3151157,406.338609,1907.859155,6.437297878,0.154321983,1839.651795,0.479890323,46.63,0.762,45.03,1.45,44.87,0.61,46.85,0.24,,
2012,227,2012-08-14,1,C.N,T,0.846,479.7243826,24.14404276,2847.327443,188.525442,1.381281155,0.561314703,0,0.819966452,27.93589337,,2450.860421,622.3220216,1984.904205,17.38780386,0.139893251,1862.678483,0.398134385,48.6,0.4859,45.1,2.11,45.1,1.08,47.29,0.39,,
2012,227,2012-08-14,1,C.O,T,0.827,363.7565304,10.09083141,1293.38947,104.8979545,1.087671428,0,0,1.087671428,0,,867.8033833,290.1161673,1618.43096,5.34904908,0,4976.35477,0.72920321,48.65,0.4521,46.06,2.07,,,,,,
2012,227,2012-08-14,2,A.N,T,0.806,854.9752915,68.48790692,3871.731824,374.7576631,13.53896835,1.889413556,0,11.64955479,0,,814.6958168,525.1426151,2739.671313,15.93171762,2.115650787,2380.17843,0,42.09,1.785,45.54,1.78,,,43.5,0.63,,
2012,227,2012-08-14,2,A.O,T,0.864,482.2743437,21.09955824,2201.480822,184.2558234,2.265734923,0,0,2.265734923,0,,1232.47927,328.7797615,1326.473227,12.37680181,0.751240301,7955.44433,0.138713215,46.89,0.5255,45.96,1.86,,,47.18,0.4,,
2012,227,2012-08-14,2,C.N,T,0.85,337.8858082,16.89018952,2302.426144,330.9381472,1.550292492,0,0,1.550292492,0,,1511.109346,768.2413015,1202.300922,6.50072377,0.565636281,3616.370765,0,48.01,0.4801,,,45.91,0.98,47.4,0.38,,
2012,227,2012-08-14,2,C.O,T,0.854,1104.986528,71.14040924,5402.061225,582.9305598,11.39611236,1.943472865,0,9.452639494,11.57948912,,926.015638,419.5528159,3647.157376,38.23394542,4.618787388,4688.339189,1.393874097,47.27,0.9749,45.3,1.44,,,46.91,0.41,,
2012,227,2012-08-14,3,A.N,T,0.845,631.6288926,30.04022811,1686.922395,145.6313496,2.378814947,0.795059806,0,1.583755141,11.84380602,,2033.950983,639.1321067,3208.751136,14.76522382,0,2180.327086,0.403578519,47.77,0.5587,45.23,1.61,45.26,0.99,46.44,0.83,,
2012,227,2012-08-14,3,A.O,T,0.864,1721.693665,69.95250261,1645.113335,158.0130256,11.71130133,2.796934418,0,8.91436691,0,,134.095085,469.6886083,1836.695763,4.087883611,0,2318.640762,1.758634138,46.69,0.656,46.27,1.6,44.32,1.09,,,,
2012,227,2012-08-14,3,C.N,T,0.831,661.5741044,19.63879404,2471.792947,242.9300725,2.781690976,1.267171462,0,1.514519514,0,,1287.817065,675.1969829,1880.456191,21.91182756,0.070215949,2170.123871,0.984576069,46.14,0.6028,45.31,1.76,,,45.33,0.75,,
2012,227,2012-08-14,3,C.O,T,0.823,524.009575,38.66746787,4939.648488,393.6978367,2.903850162,0,0,2.903850162,0,,1112.149895,547.2029241,3401.932718,26.10020402,0.415164971,11251.92264,1.480688649,47.65,1.018,46.07,2.29,,,46.01,0.73,,
2012,227,2012-08-14,4,A.N,T,0.832,585.4803871,31.61304586,2191.82587,215.7707036,4.182968844,0,0,4.182968844,0,,1483.038462,495.2100397,1834.667644,11.89962916,0.301959928,2528.639638,0.932151376,46.79,0.6579,45.78,1.85,45.61,0.91,47.19,0.32,,
2012,227,2012-08-14,4,A.O,T,0.838,508.8380218,40.83177956,2646.587506,218.5783304,10.54581385,3.046248973,0,7.499564876,8.961121793,,1835.741068,532.4713372,1982.248705,12.57920279,4.139240343,2587.709673,1.347484764,46.63,0.4852,45.15,1.19,,,46.32,0.33,,
2012,227,2012-08-14,4,C.N,T,0.817,435.0035874,17.96317941,1917.406999,156.1012992,1.782282605,0,0,1.782282605,0,,1684.378172,601.7774736,1053.54028,1.088268248,0.011347742,1292.217921,0.482971451,42.95,0.4454,45.45,1.55,45.54,1.12,46.47,0.44,,
2012,227,2012-08-14,4,C.O,T,0.846,606.1500632,32.30343816,1572.498162,125.9077777,2.612110137,0,0,2.612110137,16.06924621,,831.0328397,430.7525602,1442.87843,4.641755696,0.300515143,2070.121651,0,45.5,0.7613,46.28,1.55,46.13,1,47.16,0.27,,
2012,227,2012-08-14,5,A.N,T,0.842,541.9041166,27.72131389,2169.455798,208.2578018,4.233424122,0.884766879,0,3.348657243,0,,919.8336243,426.7730869,1818.911766,4.780037842,0.080546458,5414.483177,0.282064616,45.41,0.7074,45.85,1.79,,,45.89,0.45,,
2012,227,2012-08-14,5,A.O,T,0.838,389.1893612,24.20712062,3075.503774,234.1873761,1.950236418,0,0,1.950236418,0,,2848.017924,657.0027259,2795.683737,4.52363442,0.239413811,2824.470532,0.99960446,47.24,0.7954,45.58,1.94,46.86,1.15,45.76,1.28,,
2012,227,2012-08-14,5,C.N,T,0.822,591.0460821,50.69715372,2621.247064,214.7628864,7.692108169,1.361919994,0,6.330188175,0,,1191.282487,517.2992959,2317.807259,28.20788879,3.30755476,3842.108051,0.68832591,43.22,0.8258,45.35,1.36,,,46.47,0.27,,
2012,227,2012-08-14,5,C.O,T,0.843,580.287865,28.71423243,1344.357896,92.73795798,2.975509558,0,0,2.975509558,0,,1333.872049,483.4715802,2424.576776,14.66790758,0.229668563,4568.246097,0,47.71,0.4564,45.43,1.53,46.01,0.49,47.67,0.23,,
